sa2_code,sa2_name,state_name,remoteness,remoteness_score,analysis_year,sa4_name,gccsa_name,coping_capacity,adaptive_capacity,andri,social_character,economic_capital,planning_build_environment,emergency_services,information_access,govt_leadership,community_social_engagement,community_capital,andri_quartile,coping_capacity_quartile,adaptive_capacity_quartile,lga_names
308051530,Agnes Water - Miriam Vale,QLD,Inner regional,2,2024,Fitzroy,Rest of Qld,0.4329,0.4925,0.4953,0.6317,0.5920,0.6225,0.4083,0.1273,0.5522,0.4564,0.4311,L25,LC,MA,Gladstone
312031359,Airlie - Whitsundays,QLD,Remote,4,2024,Mackay,Rest of Qld,0.4092,0.4329,0.4425,0.5811,0.5142,0.6543,0.4342,0.1193,0.5034,0.4073,0.4243,L25,LC,LA,Whitsunday
318021467,Aitkenvale,QLD,Outer regional,3,2024,Townsville,Rest of Qld,0.5197,0.5168,0.5523,0.3850,0.7532,0.4762,0.4717,0.5966,0.6238,0.3953,0.3569,M50,MC,MA,Townsville
314011382,Albany Creek,QLD,Metropolitan,1,2024,Moreton Bay - South,Greater Brisbane,0.6978,0.5456,0.6647,0.7227,0.8243,0.5413,0.3539,0.6039,0.4045,0.7747,0.7018,M50,HC,MA,Moreton Bay
305031119,Albion,QLD,Metropolitan,1,2024,Brisbane Inner City,Greater Brisbane,0.5657,0.6844,0.6944,0.5067,0.6183,0.3505,0.4668,0.6180,0.7635,0.5121,0.6304,M50,MC,HA,Brisbane
305031120,Alderley,QLD,Metropolitan,1,2024,Brisbane Inner City,Greater Brisbane,0.6479,0.7052,0.7515,0.6462,0.7297,0.3405,0.4696,0.6180,0.7237,0.6194,0.7645,H75,MC,HA,Brisbane
301011001,Alexandra Hills,QLD,Metropolitan,1,2024,Brisbane - East,Greater Brisbane,0.6749,0.4748,0.6016,0.6254,0.7856,0.6432,0.3667,0.5997,0.4917,0.5104,0.6334,M50,HC,MA,Redland
303051072,Algester,QLD,Metropolitan,1,2024,Brisbane - South,Greater Brisbane,0.4870,0.4939,0.5207,0.4070,0.6892,0.2337,0.4169,0.6180,0.5978,0.3891,0.5487,L25,MC,MA,Brisbane
312021342,Andergrove - Beaconsfield,QLD,Inner regional,2,2024,Mackay,Rest of Qld,0.6124,0.5106,0.5939,0.5151,0.6937,0.6908,0.4305,0.5966,0.5751,0.4586,0.4977,M50,MC,MA,Mackay
318021468,Annandale (Qld),QLD,Outer regional,3,2024,Townsville,Rest of Qld,0.6282,0.5725,0.6463,0.6635,0.6781,0.8576,0.4709,0.5966,0.5140,0.6744,0.3773,M50,MC,MA,Townsville
303021052,Annerley,QLD,Metropolitan,1,2024,Brisbane - South,Greater Brisbane,0.5317,0.5662,0.5934,0.5013,0.5818,0.2703,0.4484,0.6180,0.6783,0.4101,0.7303,M50,MC,MA,Brisbane
316021417,Aroona - Currimundi,QLD,Metropolitan,1,2024,Sunshine Coast,Rest of Qld,0.7244,0.6176,0.7311,0.5837,0.7806,0.7305,0.4407,0.5994,0.5815,0.6650,0.7056,H75,HC,MA,Sunshine Coast
309031235,Arundel,QLD,Metropolitan,1,2024,Gold Coast,Rest of Qld,0.6564,0.6246,0.6985,0.4512,0.7926,0.8145,0.4004,0.6066,0.6864,0.5169,0.5492,M50,MC,MA,Gold Coast
305031121,Ascot,QLD,Metropolitan,1,2024,Brisbane Inner City,Greater Brisbane,0.6040,0.8011,0.7970,0.5891,0.7533,0.3012,0.4639,0.6180,0.8422,0.6150,0.6547,H75,MC,HA,Brisbane
319011492,Ashfield - Kepnock,QLD,Inner regional,2,2024,Wide Bay,Rest of Qld,0.4871,0.5094,0.5318,0.3787,0.5285,0.4618,0.4397,0.5580,0.5481,0.4971,0.5415,M50,MC,MA,Bundaberg
305041132,Ashgrove,QLD,Metropolitan,1,2024,Brisbane Inner City,Greater Brisbane,0.6711,0.8620,0.8760,0.6766,0.7879,0.3384,0.4657,0.6180,0.7933,0.8174,0.7690,H75,HC,HA,Brisbane
309091263,Ashmore,QLD,Metropolitan,1,2024,Gold Coast,Rest of Qld,0.6638,0.6042,0.6879,0.4941,0.8118,0.5980,0.4176,0.6066,0.6620,0.5141,0.6140,M50,HC,MA,Gold Coast
302021027,Aspley,QLD,Metropolitan,1,2024,Brisbane - North,Greater Brisbane,0.6997,0.6214,0.7199,0.5591,0.8460,0.4388,0.4545,0.6180,0.6342,0.5925,0.7612,H75,HC,MA,Brisbane
306051166,Atherton,QLD,Outer regional,3,2024,Cairns,Rest of Qld,0.5238,0.5521,0.5795,0.5239,0.6730,0.5470,0.4621,0.5096,0.5686,0.5530,0.4137,M50,MC,MA,Tablelands
305041133,Auchenflower,QLD,Metropolitan,1,2024,Brisbane Inner City,Greater Brisbane,0.5546,0.7378,0.7270,0.6123,0.6154,0.2228,0.4689,0.6180,0.7202,0.6900,0.7771,H75,MC,HA,Brisbane
310041565,Augustine Heights - Brookwater,QLD,Metropolitan,1,2024,Ipswich,Greater Brisbane,0.4871,0.3464,0.4153,0.6027,0.6431,0.7964,0.4421,0.6058,0.4135,0.3595,0.0934,L25,MC,LA,Ipswich
315011395,Aurukun,QLD,Very remote,5,2024,Queensland - Outback,Rest of Qld,0.0369,0.0000,0.0000,0.1892,0.0544,0.3148,0.2325,0.0091,0.1021,0.0419,0.0623,L25,LC,LA,Aurukun
318011460,Ayr,QLD,Outer regional,3,2024,Townsville,Rest of Qld,0.5241,0.4496,0.5065,0.5177,0.6565,0.6013,0.4182,0.5258,0.4520,0.5166,0.4192,L25,MC,LA,Burdekin
306031158,Babinda,QLD,Outer regional,3,2024,Cairns,Rest of Qld,0.4032,0.6247,0.5768,0.7506,0.6529,0.4146,0.4469,0.1253,0.6596,0.5594,0.3352,M50,LC,MA,Cassowary Coast; Cairns
302011022,Bald Hills,QLD,Metropolitan,1,2024,Brisbane - North,Greater Brisbane,0.7010,0.5368,0.6602,0.5694,0.7878,0.6051,0.4435,0.6180,0.5767,0.5096,0.6471,M50,HC,MA,Brisbane
305021113,Balmoral,QLD,Metropolitan,1,2024,Brisbane Inner City,Greater Brisbane,0.5792,0.7710,0.7629,0.6480,0.7811,0.2162,0.4518,0.6180,0.7616,0.6893,0.6608,H75,MC,HA,Brisbane
307011171,Balonne,QLD,Remote,4,2024,Darling Downs - Maranoa,Rest of Qld,0.3994,0.3963,0.4122,0.6548,0.4607,0.6117,0.3890,0.0850,0.4774,0.3701,0.4699,L25,LC,LA,Balonne
308041528,Banana,QLD,Outer regional,3,2024,Fitzroy,Rest of Qld,0.4098,0.4284,0.4395,0.8477,0.4368,0.5215,0.4128,0.1154,0.4264,0.5099,0.4501,L25,LC,LA,Banana
315031408,Barcaldine - Blackall,QLD,Very remote,5,2024,Queensland - Outback,Rest of Qld,0.4309,0.4202,0.4428,0.8073,0.4260,0.5404,0.4515,0.0842,0.6057,0.2209,0.5195,L25,LC,LA,Blackall Tambo; Barcaldine
305041134,Bardon,QLD,Metropolitan,1,2024,Brisbane Inner City,Greater Brisbane,0.5800,0.8966,0.8530,0.7152,0.7077,0.2062,0.4668,0.6180,0.7711,0.9206,0.7223,H75,MC,HA,Brisbane
319011493,Bargara - Burnett Heads,QLD,Inner regional,2,2024,Wide Bay,Rest of Qld,0.5742,0.5386,0.5945,0.5569,0.6819,0.4969,0.4376,0.5580,0.5564,0.5441,0.5187,M50,MC,MA,Bundaberg
313011362,Beachmere - Sandstone Point,QLD,Metropolitan,1,2024,Moreton Bay - North,Greater Brisbane,0.5357,0.4773,0.5318,0.4613,0.6913,0.4080,0.3427,0.6039,0.5388,0.4455,0.5304,M50,MC,MA,Moreton Bay
311011305,Beaudesert,QLD,Inner regional,2,2024,Logan - Beaudesert,Greater Brisbane,0.4342,0.4398,0.4583,0.4948,0.7071,0.4191,0.4325,0.1256,0.5409,0.3648,0.4992,L25,LC,LA,Scenic Rim
311021306,Beenleigh,QLD,Metropolitan,1,2024,Logan - Beaudesert,Greater Brisbane,0.4829,0.3832,0.4397,0.3131,0.6672,0.4317,0.4256,0.5997,0.5822,0.1792,0.4107,L25,MC,LA,Logan
316061439,Beerwah,QLD,Metropolitan,1,2024,Sunshine Coast,Rest of Qld,0.6550,0.6087,0.6864,0.5628,0.7686,0.6601,0.4157,0.5994,0.6421,0.5547,0.5576,M50,MC,MA,Sunshine Coast
318021469,Belgian Gardens - Pallarenda,QLD,Outer regional,3,2024,Townsville,Rest of Qld,0.6125,0.6796,0.7146,0.5389,0.8027,0.5407,0.4700,0.5966,0.6143,0.7388,0.4280,H75,MC,HA,Townsville
310041566,Bellbird Park,QLD,Metropolitan,1,2024,Ipswich,Greater Brisbane,0.4010,0.4301,0.4370,0.3981,0.4869,0.6248,0.4416,0.6058,0.5404,0.3453,0.1695,L25,LC,LA,Ipswich
304021086,Bellbowrie - Moggill,QLD,Metropolitan,1,2024,Brisbane - West,Greater Brisbane,0.5223,0.8096,0.7627,0.6457,0.7857,0.2786,0.2368,0.6180,0.7636,0.7624,0.6106,H75,MC,HA,Brisbane
301011002,Belmont - Gumdale,QLD,Metropolitan,1,2024,Brisbane - East,Greater Brisbane,0.7056,0.7331,0.8030,0.7034,0.9217,0.4660,0.3659,0.6180,0.6941,0.7222,0.6534,H75,HC,HA,Brisbane
309101267,Benowa,QLD,Metropolitan,1,2024,Gold Coast,Rest of Qld,0.5709,0.6310,0.6588,0.4672,0.7473,0.4540,0.4106,0.6066,0.6520,0.5841,0.4776,M50,MC,MA,Gold Coast
306021144,Bentley Park,QLD,Outer regional,3,2024,Cairns,Rest of Qld,0.4991,0.5644,0.5766,0.4445,0.6925,0.8002,0.4655,0.5949,0.6771,0.4084,0.1740,M50,MC,MA,Cairns
308031205,Berserker,QLD,Inner regional,2,2024,Fitzroy,Rest of Qld,0.4510,0.4037,0.4399,0.3086,0.7428,0.2323,0.4531,0.5935,0.5531,0.2698,0.4868,L25,LC,LA,Rockhampton
311051323,Bethania - Waterford,QLD,Metropolitan,1,2024,Logan - Beaudesert,Greater Brisbane,0.4834,0.5093,0.5300,0.2260,0.6632,0.6867,0.4432,0.5997,0.6092,0.4029,0.4067,M50,MC,MA,Logan
309031236,Biggera Waters,QLD,Metropolitan,1,2024,Gold Coast,Rest of Qld,0.4910,0.5459,0.5596,0.3170,0.6327,0.4069,0.4004,0.6066,0.6907,0.3476,0.4863,M50,MC,MA,Gold Coast
308041529,Biloela,QLD,Outer regional,3,2024,Fitzroy,Rest of Qld,0.5527,0.4380,0.5120,0.5148,0.6073,0.6160,0.4176,0.5751,0.4062,0.5578,0.4807,L25,MC,LA,Banana
301011003,Birkdale,QLD,Metropolitan,1,2024,Brisbane - East,Greater Brisbane,0.6488,0.5841,0.6655,0.6454,0.8058,0.4495,0.3659,0.5997,0.5547,0.6381,0.6807,M50,MC,MA,Redland
316071545,Bli Bli,QLD,Metropolitan,1,2024,Sunshine Coast,Rest of Qld,0.6167,0.6625,0.7046,0.6467,0.7279,0.4185,0.4335,0.5994,0.6232,0.6916,0.5707,M50,MC,HA,Sunshine Coast
318021470,Bohle Plains,QLD,Outer regional,3,2024,Townsville,Rest of Qld,0.5151,0.6204,0.6241,0.6862,0.6111,0.6609,0.4664,0.5966,0.6710,0.5327,0.2094,M50,MC,MA,Townsville
310021277,Boonah,QLD,Inner regional,2,2024,Ipswich,Greater Brisbane,0.3955,0.5206,0.4993,0.7036,0.7039,0.3520,0.4232,0.1427,0.5651,0.4943,0.3553,L25,LC,MA,Ipswich; Scenic Rim
302031035,Boondall,QLD,Metropolitan,1,2024,Brisbane - North,Greater Brisbane,0.6906,0.6191,0.7132,0.5415,0.7446,0.6303,0.4425,0.6180,0.7075,0.4715,0.6859,H75,HC,MA,Brisbane
319041516,Booral - River Heads,QLD,Inner regional,2,2024,Wide Bay,Rest of Qld,0.5275,0.5070,0.5491,0.5965,0.6881,0.4882,0.4400,0.5520,0.5422,0.5010,0.3721,M50,MC,MA,Fraser Coast
311031311,Boronia Heights - Park Ridge,QLD,Metropolitan,1,2024,Logan - Beaudesert,Greater Brisbane,0.4541,0.4746,0.4920,0.3345,0.6112,0.5784,0.4117,0.5997,0.6009,0.3440,0.3039,L25,LC,MA,Logan
308031206,Bouldercombe,QLD,Inner regional,2,2024,Fitzroy,Rest of Qld,0.4002,0.5499,0.5221,0.7708,0.6839,0.2312,0.4478,0.1797,0.6077,0.4887,0.4578,M50,LC,MA,Rockhampton
312011337,Bowen,QLD,Outer regional,3,2024,Mackay,Rest of Qld,0.5076,0.4359,0.4888,0.4435,0.5962,0.5072,0.4219,0.5817,0.4834,0.4430,0.4297,L25,MC,LA,Whitsunday
308051531,Boyne Island - Tannum Sands,QLD,Inner regional,2,2024,Fitzroy,Rest of Qld,0.5578,0.4885,0.5506,0.6106,0.5646,0.5705,0.4412,0.5949,0.4583,0.5863,0.4580,M50,MC,MA,Gladstone
302041041,Bracken Ridge,QLD,Metropolitan,1,2024,Brisbane - North,Greater Brisbane,0.6156,0.5747,0.6413,0.5498,0.7452,0.3739,0.4396,0.6180,0.6272,0.5089,0.6418,M50,MC,MA,Brisbane
319011494,Branyan - Kensington,QLD,Inner regional,2,2024,Wide Bay,Rest of Qld,0.5940,0.5144,0.5872,0.6093,0.6939,0.6386,0.4392,0.5580,0.5295,0.5351,0.4637,M50,MC,MA,Bundaberg
310031283,Brassall,QLD,Metropolitan,1,2024,Ipswich,Greater Brisbane,0.4366,0.3962,0.4282,0.3829,0.4986,0.6383,0.4592,0.6058,0.4942,0.3447,0.2536,L25,LC,LA,Ipswich
314031391,Bray Park,QLD,Metropolitan,1,2024,Moreton Bay - South,Greater Brisbane,0.5778,0.4519,0.5344,0.5046,0.7673,0.3588,0.3590,0.6039,0.4809,0.4794,0.6533,M50,MC,LA,Moreton Bay
313011363,Bribie Island,QLD,Inner regional,2,2024,Moreton Bay - North,Greater Brisbane,0.5321,0.4213,0.4901,0.3705,0.7087,0.4540,0.3394,0.6039,0.4541,0.4557,0.5616,L25,MC,LA,Moreton Bay; Sunshine Coast
302011023,Bridgeman Downs,QLD,Metropolitan,1,2024,Brisbane - North,Greater Brisbane,0.7108,0.7431,0.8130,0.6337,0.7531,0.7896,0.4432,0.6180,0.6810,0.7623,0.5774,H75,HC,HA,Brisbane
302041042,Brighton (Qld),QLD,Metropolitan,1,2024,Brisbane - North,Greater Brisbane,0.5975,0.6011,0.6509,0.7147,0.7935,0.2054,0.4391,0.6180,0.6257,0.5646,0.7180,M50,MC,MA,Brisbane
306011138,Brinsmead,QLD,Outer regional,3,2024,Cairns,Rest of Qld,0.5704,0.6082,0.6423,0.6281,0.6995,0.8027,0.4525,0.5949,0.5581,0.6811,0.2686,M50,MC,MA,Cairns
305011105,Brisbane City,QLD,Metropolitan,1,2024,Brisbane Inner City,Greater Brisbane,0.5109,0.6139,0.6176,0.3993,0.5898,0.3036,0.4729,0.6180,0.8163,0.2752,0.6080,M50,MC,MA,Brisbane
309011224,Broadbeach Waters,QLD,Metropolitan,1,2024,Gold Coast,Rest of Qld,0.5521,0.7456,0.7313,0.5698,0.8303,0.2514,0.4021,0.6066,0.7343,0.6829,0.5565,H75,MC,HA,Gold Coast
312011338,Broadsound - Nebo,QLD,Outer regional,3,2024,Mackay,Rest of Qld,0.4474,0.4343,0.4602,0.7638,0.4380,0.6848,0.4163,0.1289,0.4958,0.4214,0.5047,L25,LC,LA,Isaac
304021087,Brookfield - Kenmore Hills,QLD,Metropolitan,1,2024,Brisbane - West,Greater Brisbane,0.6612,0.8914,0.8916,0.7005,0.8509,0.5480,0.2373,0.6180,0.7706,0.9113,0.7034,H75,MC,HA,Brisbane
311031312,Browns Plains,QLD,Metropolitan,1,2024,Logan - Beaudesert,Greater Brisbane,0.4549,0.3571,0.4084,0.2826,0.6145,0.6809,0.4131,0.5997,0.4868,0.2735,0.3079,L25,LC,LA,Logan
316021418,Buddina - Minyama,QLD,Metropolitan,1,2024,Sunshine Coast,Rest of Qld,0.6756,0.6690,0.7406,0.6348,0.8155,0.4463,0.4394,0.5994,0.6061,0.7302,0.6730,H75,HC,HA,Sunshine Coast
316011413,Buderim - North,QLD,Metropolitan,1,2024,Sunshine Coast,Rest of Qld,0.7119,0.7422,0.8129,0.5641,0.8190,0.6095,0.4353,0.5994,0.6855,0.7534,0.6940,H75,HC,HA,Sunshine Coast
316011414,Buderim - South,QLD,Metropolitan,1,2024,Sunshine Coast,Rest of Qld,0.6816,0.7221,0.7818,0.6048,0.7314,0.6625,0.4350,0.5994,0.6765,0.7278,0.6414,H75,HC,HA,Sunshine Coast
305021114,Bulimba,QLD,Metropolitan,1,2024,Brisbane Inner City,Greater Brisbane,0.6600,0.7889,0.8178,0.6436,0.7484,0.4532,0.4518,0.6180,0.7402,0.7594,0.6183,H75,MC,HA,Brisbane
319011495,Bundaberg,QLD,Inner regional,2,2024,Wide Bay,Rest of Qld,0.3949,0.3627,0.3863,0.2373,0.5155,0.2962,0.4417,0.5580,0.5084,0.2523,0.5309,L25,LC,LA,Bundaberg
319011496,Bundaberg East - Kalkie,QLD,Inner regional,2,2024,Wide Bay,Rest of Qld,0.5794,0.4979,0.5680,0.4529,0.7018,0.5330,0.4400,0.5580,0.5074,0.5343,0.5516,M50,MC,MA,Bundaberg
319011497,Bundaberg North - Gooburrum,QLD,Inner regional,2,2024,Wide Bay,Rest of Qld,0.5113,0.4760,0.5192,0.3079,0.6501,0.5439,0.4403,0.5580,0.5109,0.4845,0.5402,L25,MC,MA,Bundaberg
319011498,Bundaberg Surrounds - North,QLD,Inner regional,2,2024,Wide Bay,Rest of Qld,0.5604,0.5152,0.5709,0.5749,0.6376,0.6072,0.4368,0.5580,0.5630,0.4864,0.4501,M50,MC,MA,Bundaberg
319011499,Bundaberg Surrounds - South,QLD,Inner regional,2,2024,Wide Bay,Rest of Qld,0.5014,0.4937,0.5272,0.5614,0.6370,0.3563,0.4377,0.5220,0.5591,0.4483,0.4929,M50,MC,MA,Bundaberg
309101268,Bundall,QLD,Metropolitan,1,2024,Gold Coast,Rest of Qld,0.5884,0.6927,0.7117,0.5128,0.8405,0.3682,0.4101,0.6066,0.6895,0.6489,0.5242,H75,MC,HA,Gold Coast
310031284,Bundamba,QLD,Metropolitan,1,2024,Ipswich,Greater Brisbane,0.4740,0.3765,0.4309,0.3902,0.7036,0.5281,0.4583,0.6058,0.5138,0.2734,0.2465,L25,MC,LA,Ipswich
318011461,Burdekin,QLD,Outer regional,3,2024,Townsville,Rest of Qld,0.4402,0.4907,0.4972,0.7596,0.5934,0.6528,0.4144,0.0858,0.4929,0.5408,0.3831,L25,LC,MA,Burdekin
318021582,Burdell - Mount Low,QLD,Outer regional,3,2024,Townsville,Rest of Qld,0.4912,0.6343,0.6229,0.6197,0.6085,0.7056,0.4651,0.5966,0.6878,0.5341,0.1594,M50,MC,MA,Townsville
309011225,Burleigh Heads,QLD,Metropolitan,1,2024,Gold Coast,Rest of Qld,0.6164,0.6973,0.7293,0.5521,0.8214,0.3836,0.4011,0.6066,0.7325,0.5893,0.6104,H75,MC,HA,Gold Coast
309011226,Burleigh Waters,QLD,Metropolitan,1,2024,Gold Coast,Rest of Qld,0.6924,0.5857,0.6903,0.5474,0.8205,0.6972,0.4014,0.6066,0.5752,0.6108,0.6206,M50,HC,MA,Gold Coast
313041372,Burpengary,QLD,Metropolitan,1,2024,Moreton Bay - North,Greater Brisbane,0.6457,0.4505,0.5684,0.5399,0.7611,0.5787,0.4232,0.6039,0.4651,0.4995,0.5739,M50,MC,LA,Moreton Bay
313021364,Burpengary - East,QLD,Metropolitan,1,2024,Moreton Bay - North,Greater Brisbane,0.5933,0.5462,0.6095,0.6116,0.7287,0.5984,0.4298,0.6039,0.5423,0.5803,0.3979,M50,MC,MA,Moreton Bay
319051522,Burrum - Fraser,QLD,Outer regional,3,2024,Wide Bay,Rest of Qld,0.4062,0.4182,0.4306,0.4657,0.7018,0.4481,0.4342,0.1015,0.4616,0.4385,0.4266,L25,LC,LA,Fraser Coast
313021572,Caboolture - East,QLD,Metropolitan,1,2024,Moreton Bay - North,Greater Brisbane,0.5016,0.4625,0.5050,0.2806,0.5965,0.6001,0.4326,0.6039,0.5031,0.4685,0.4938,L25,MC,LA,Moreton Bay
313021366,Caboolture - South,QLD,Metropolitan,1,2024,Moreton Bay - North,Greater Brisbane,0.4632,0.3613,0.4151,0.2287,0.6124,0.5386,0.4307,0.6039,0.4966,0.2673,0.4606,L25,LC,LA,Moreton Bay
313021573,Caboolture - West,QLD,Metropolitan,1,2024,Moreton Bay - North,Greater Brisbane,0.5643,0.4578,0.5319,0.3720,0.7118,0.4644,0.4313,0.6039,0.5021,0.4605,0.5537,M50,MC,LA,Moreton Bay
306021145,Cairns City,QLD,Outer regional,3,2024,Cairns,Rest of Qld,0.3795,0.5197,0.4918,0.3684,0.5818,0.2513,0.4751,0.5949,0.6267,0.3967,0.2715,L25,LC,MA,Cairns
303051073,Calamvale - Stretton,QLD,Metropolitan,1,2024,Brisbane - South,Greater Brisbane,0.6141,0.5227,0.6034,0.4127,0.7193,0.8426,0.4172,0.6180,0.6812,0.3147,0.4573,M50,MC,MA,Brisbane
316061440,Caloundra Hinterland,QLD,Inner regional,2,2024,Sunshine Coast,Rest of Qld,0.7028,0.6789,0.7627,0.6234,0.7952,0.6212,0.4177,0.5994,0.6589,0.6692,0.6658,H75,HC,HA,Sunshine Coast
316021419,Caloundra - Kings Beach,QLD,Metropolitan,1,2024,Sunshine Coast,Rest of Qld,0.4996,0.5065,0.5355,0.3852,0.6434,0.2597,0.4402,0.5994,0.5588,0.4750,0.6785,M50,MC,MA,Sunshine Coast
316021580,Caloundra West - Baringa,QLD,Metropolitan,1,2024,Sunshine Coast,Rest of Qld,0.5632,0.5390,0.5893,0.5028,0.6098,0.6566,0.4387,0.5994,0.5943,0.4871,0.4416,M50,MC,MA,Sunshine Coast
317011445,Cambooya - Wyreema,QLD,Inner regional,2,2024,Toowoomba,Rest of Qld,0.5639,0.7431,0.7354,0.7240,0.7204,0.6881,0.4508,0.5966,0.7216,0.6984,0.2342,H75,MC,HA,Toowoomba
310041297,Camira - Gailes,QLD,Metropolitan,1,2024,Ipswich,Greater Brisbane,0.5239,0.4576,0.5121,0.4978,0.7549,0.5439,0.4423,0.6058,0.5202,0.4331,0.2720,L25,MC,LA,Ipswich
303011047,Camp Hill,QLD,Metropolitan,1,2024,Brisbane - South,Greater Brisbane,0.6158,0.7457,0.7635,0.7029,0.7351,0.3037,0.4312,0.6180,0.7046,0.7303,0.6908,H75,MC,HA,Brisbane
303011048,Cannon Hill,QLD,Metropolitan,1,2024,Brisbane - South,Greater Brisbane,0.6477,0.6167,0.6882,0.5989,0.7435,0.4399,0.4300,0.6180,0.6411,0.5724,0.6579,M50,MC,MA,Brisbane
301011004,Capalaba,QLD,Metropolitan,1,2024,Brisbane - East,Greater Brisbane,0.6961,0.4937,0.6267,0.5857,0.8340,0.6349,0.3661,0.5997,0.5290,0.4937,0.6712,M50,HC,MA,Redland
315011396,Cape York,QLD,Remote,4,2024,Queensland - Outback,Rest of Qld,0.2935,0.3123,0.3093,0.5131,0.4869,0.4530,0.4082,0.0569,0.4730,0.1986,0.2582,L25,LC,LA,Napranum; Mapoon; Hope Vale; Wujal Wujal; Lockhart River; Cook
303011049,Carina,QLD,Metropolitan,1,2024,Brisbane - South,Greater Brisbane,0.6466,0.5839,0.6642,0.5106,0.6759,0.5890,0.4300,0.6180,0.6464,0.4976,0.6860,M50,MC,MA,Brisbane
303011050,Carina Heights,QLD,Metropolitan,1,2024,Brisbane - South,Greater Brisbane,0.5547,0.5562,0.5974,0.4858,0.7008,0.2834,0.4305,0.6180,0.6695,0.4038,0.6735,M50,MC,MA,Brisbane
303011051,Carindale,QLD,Metropolitan,1,2024,Brisbane - South,Greater Brisbane,0.6784,0.6922,0.7586,0.6072,0.8652,0.3876,0.4298,0.6180,0.6319,0.7371,0.6995,H75,HC,HA,Brisbane
315021404,Carpentaria,QLD,Very remote,5,2024,Queensland - Outback,Rest of Qld,0.2123,0.2905,0.2639,0.5313,0.4003,0.3512,0.4500,0.0483,0.4513,0.1848,0.0745,L25,LC,LA,Mornington; Burke; Doomadgee; Carpentaria; Mount Isa
309061246,Carrara,QLD,Metropolitan,1,2024,Gold Coast,Rest of Qld,0.6637,0.5744,0.6666,0.5361,0.7866,0.7176,0.3960,0.6066,0.5878,0.5690,0.5675,M50,HC,MA,Gold Coast
302011024,Carseldine,QLD,Metropolitan,1,2024,Brisbane - North,Greater Brisbane,0.6764,0.6273,0.7113,0.4582,0.7107,0.7430,0.4432,0.6180,0.6694,0.5493,0.6883,H75,HC,MA,Brisbane
314011383,Cashmere,QLD,Metropolitan,1,2024,Moreton Bay - South,Greater Brisbane,0.6314,0.6300,0.6890,0.7046,0.7124,0.6204,0.3534,0.6039,0.5607,0.7205,0.5452,M50,MC,MA,Moreton Bay
308011190,Central Highlands - East,QLD,Outer regional,3,2024,Fitzroy,Rest of Qld,0.3589,0.4567,0.4383,0.5335,0.4062,0.6076,0.4296,0.1193,0.5612,0.3687,0.4039,L25,LC,LA,Central Highlands (Qld); Woorabinda
308011191,Central Highlands - West,QLD,Remote,4,2024,Fitzroy,Rest of Qld,0.4574,0.4729,0.4922,0.8171,0.5012,0.6130,0.4249,0.1271,0.5815,0.3709,0.4976,L25,LC,LA,Central Highlands (Qld)
311031313,Chambers Flat - Logan Reserve,QLD,Metropolitan,1,2024,Logan - Beaudesert,Greater Brisbane,0.3309,0.5850,0.5187,0.4082,0.5914,0.1453,0.4103,0.5997,0.6725,0.4583,0.2567,L25,LC,MA,Logan
304021088,Chapel Hill,QLD,Metropolitan,1,2024,Brisbane - West,Greater Brisbane,0.6021,0.8290,0.8160,0.6419,0.7527,0.5130,0.2390,0.6180,0.7517,0.8198,0.6841,H75,MC,HA,Brisbane
315031409,Charleville,QLD,Very remote,5,2024,Queensland - Outback,Rest of Qld,0.4252,0.4216,0.4413,0.5523,0.5862,0.5215,0.4598,0.0819,0.5919,0.2462,0.4971,L25,LC,LA,Murweh
318011462,Charters Towers,QLD,Outer regional,3,2024,Townsville,Rest of Qld,0.4806,0.4488,0.4855,0.4420,0.6117,0.5053,0.4182,0.5271,0.4857,0.4660,0.4135,L25,MC,LA,Charters Towers
304031092,Chelmer - Graceville,QLD,Metropolitan,1,2024,Brisbane - West,Greater Brisbane,0.5824,0.8606,0.8285,0.6663,0.7929,0.3586,0.2413,0.6180,0.7780,0.8393,0.7193,H75,MC,HA,Brisbane
302021028,Chermside,QLD,Metropolitan,1,2024,Brisbane - North,Greater Brisbane,0.4093,0.4325,0.4422,0.2742,0.5173,0.2130,0.4582,0.6180,0.6049,0.2485,0.6028,L25,LC,LA,Brisbane
302021029,Chermside West,QLD,Metropolitan,1,2024,Brisbane - North,Greater Brisbane,0.6669,0.6745,0.7397,0.5653,0.7319,0.4601,0.4573,0.6180,0.7187,0.5657,0.7221,H75,HC,HA,Brisbane
307011172,Chinchilla,QLD,Outer regional,3,2024,Darling Downs - Maranoa,Rest of Qld,0.3597,0.4892,0.4619,0.6125,0.6102,0.5542,0.3893,0.1116,0.5093,0.5138,0.2613,L25,LC,MA,Western Downs
310031285,Churchill - Yamanto,QLD,Metropolitan,1,2024,Ipswich,Greater Brisbane,0.4535,0.4467,0.4717,0.5074,0.6835,0.3424,0.4595,0.6058,0.4899,0.4557,0.2521,L25,LC,LA,Ipswich
305031122,Clayfield,QLD,Metropolitan,1,2024,Brisbane Inner City,Greater Brisbane,0.6156,0.7401,0.7595,0.5308,0.7346,0.3197,0.4647,0.6180,0.7999,0.5642,0.7576,H75,MC,HA,Brisbane
309081259,Clear Island Waters,QLD,Metropolitan,1,2024,Gold Coast,Rest of Qld,0.6608,0.7070,0.7597,0.4447,0.7505,0.8878,0.4112,0.6066,0.7051,0.6528,0.5544,H75,MC,HA,Gold Coast
312011339,Clermont,QLD,Remote,4,2024,Mackay,Rest of Qld,0.4662,0.4609,0.4876,0.7578,0.5383,0.5966,0.4189,0.1288,0.5146,0.4482,0.5437,L25,LC,LA,Isaac
301021007,Cleveland,QLD,Metropolitan,1,2024,Brisbane - East,Greater Brisbane,0.6438,0.5087,0.6090,0.4430,0.8134,0.5890,0.3766,0.5997,0.5388,0.5096,0.6768,M50,MC,MA,Redland
306011139,Clifton Beach - Kewarra Beach,QLD,Outer regional,3,2024,Cairns,Rest of Qld,0.5651,0.5664,0.6098,0.6154,0.7407,0.7181,0.4507,0.5949,0.5662,0.5854,0.2636,M50,MC,MA,Cairns
307031184,Clifton - Greenmount,QLD,Inner regional,2,2024,Darling Downs - Maranoa,Rest of Qld,0.4925,0.5633,0.5728,0.7248,0.5997,0.4277,0.3778,0.5966,0.5447,0.6112,0.3180,M50,MC,MA,Toowoomba; Southern Downs
308051533,Clinton - New Auckland,QLD,Inner regional,2,2024,Fitzroy,Rest of Qld,0.5495,0.4138,0.4931,0.4497,0.6226,0.6659,0.4435,0.5949,0.4711,0.4155,0.4197,L25,MC,LA,Gladstone
313051377,Clontarf,QLD,Metropolitan,1,2024,Moreton Bay - North,Greater Brisbane,0.5753,0.4364,0.5220,0.5125,0.7845,0.2861,0.4340,0.6039,0.5202,0.3891,0.6438,M50,MC,LA,Moreton Bay
310041299,Collingwood Park - Redbank,QLD,Metropolitan,1,2024,Ipswich,Greater Brisbane,0.4305,0.3837,0.4165,0.3507,0.6249,0.6550,0.4412,0.6058,0.4962,0.3153,0.1655,L25,LC,LA,Ipswich
312011340,Collinsville,QLD,Outer regional,3,2024,Mackay,Rest of Qld,0.4374,0.4050,0.4348,0.7006,0.6073,0.5682,0.4187,0.1193,0.4784,0.3866,0.4252,L25,LC,LA,Whitsunday
318021471,Condon - Rasmussen,QLD,Outer regional,3,2024,Townsville,Rest of Qld,0.5124,0.5573,0.5778,0.3763,0.6846,0.7226,0.4700,0.5966,0.6643,0.4145,0.2940,M50,MC,MA,Townsville
309021230,Coolangatta,QLD,Metropolitan,1,2024,Gold Coast,Rest of Qld,0.4960,0.5262,0.5479,0.5077,0.6858,0.2016,0.4110,0.6066,0.6209,0.4195,0.6154,M50,MC,MA,Gold Coast
319031511,Cooloola,QLD,Inner regional,2,2024,Wide Bay,Rest of Qld,0.4403,0.4184,0.4457,0.4495,0.6412,0.5446,0.4293,0.1088,0.4637,0.4359,0.5607,L25,LC,LA,Fraser Coast; Gympie
316031425,Coolum Beach,QLD,Metropolitan,1,2024,Sunshine Coast,Rest of Qld,0.6405,0.6220,0.6881,0.6289,0.6989,0.5151,0.4315,0.5994,0.6323,0.5966,0.6233,M50,MC,MA,Sunshine Coast
309031237,Coombabah,QLD,Metropolitan,1,2024,Gold Coast,Rest of Qld,0.5610,0.5347,0.5852,0.3137,0.6048,0.8050,0.3997,0.6066,0.5912,0.4832,0.5681,M50,MC,MA,Gold Coast
309071251,Coomera,QLD,Metropolitan,1,2024,Gold Coast,Rest of Qld,0.4984,0.5365,0.5563,0.4033,0.5481,0.6994,0.3939,0.6066,0.6772,0.3502,0.3704,M50,MC,MA,Gold Coast
303041067,Coopers Plains,QLD,Metropolitan,1,2024,Brisbane - South,Greater Brisbane,0.5751,0.7030,0.7123,0.3711,0.6863,0.4462,0.4416,0.6180,0.7666,0.5447,0.6292,H75,MC,HA,Brisbane
303021053,Coorparoo,QLD,Metropolitan,1,2024,Brisbane - South,Greater Brisbane,0.6016,0.6324,0.6753,0.5622,0.7018,0.3129,0.4484,0.6180,0.6916,0.5242,0.7464,M50,MC,MA,Brisbane
304031093,Corinda,QLD,Metropolitan,1,2024,Brisbane - West,Greater Brisbane,0.6070,0.7172,0.7386,0.5944,0.7820,0.4781,0.2419,0.6180,0.7262,0.6394,0.7429,H75,MC,HA,Brisbane
311051324,Cornubia - Carbrook,QLD,Metropolitan,1,2024,Logan - Beaudesert,Greater Brisbane,0.6691,0.6328,0.7112,0.6858,0.8653,0.7360,0.4437,0.5997,0.6072,0.6566,0.3740,H75,HC,MA,Logan
319041517,Craignish - Dundowran Beach,QLD,Inner regional,2,2024,Wide Bay,Rest of Qld,0.5712,0.4994,0.5650,0.6437,0.7268,0.7075,0.4415,0.5520,0.4783,0.5795,0.3275,M50,MC,MA,Fraser Coast
318021472,Cranbrook,QLD,Outer regional,3,2024,Townsville,Rest of Qld,0.5311,0.5707,0.5963,0.4043,0.6297,0.6407,0.4713,0.5966,0.6220,0.5089,0.3884,M50,MC,MA,Townsville
311031314,Crestmead,QLD,Metropolitan,1,2024,Logan - Beaudesert,Greater Brisbane,0.4523,0.3839,0.4264,0.1922,0.6862,0.7963,0.4112,0.5997,0.5364,0.2541,0.3108,L25,LC,LA,Logan
307021179,Crows Nest - Rosalie,QLD,Inner regional,2,2024,Darling Downs - Maranoa,Rest of Qld,0.4856,0.5163,0.5360,0.6460,0.5882,0.4197,0.3587,0.5966,0.5462,0.5141,0.3541,M50,MC,MA,Toowoomba
315011397,Croydon - Etheridge,QLD,Very remote,5,2024,Queensland - Outback,Rest of Qld,0.3357,0.3323,0.3402,0.9877,0.4113,0.2915,0.3043,0.0812,0.4845,0.2240,0.4067,L25,LC,LA,Croydon; Etheridge
309021231,Currumbin - Tugun,QLD,Metropolitan,1,2024,Gold Coast,Rest of Qld,0.5848,0.6163,0.6553,0.5850,0.7479,0.3362,0.4101,0.6066,0.6624,0.5380,0.6042,M50,MC,MA,Gold Coast
309051243,Currumbin Valley - Tallebudgera,QLD,Metropolitan,1,2024,Gold Coast,Rest of Qld,0.5667,0.6962,0.7033,0.6939,0.8301,0.7350,0.3952,0.1406,0.6883,0.6578,0.5355,M50,MC,HA,Gold Coast
309021232,Currumbin Waters,QLD,Metropolitan,1,2024,Gold Coast,Rest of Qld,0.7169,0.6575,0.7553,0.6001,0.8407,0.6672,0.4076,0.6066,0.6743,0.6024,0.6444,H75,HC,HA,Gold Coast
306041164,Daintree,QLD,Outer regional,3,2024,Cairns,Rest of Qld,0.4006,0.5749,0.5402,0.6109,0.6748,0.6159,0.3945,0.1135,0.6310,0.5033,0.2933,M50,LC,MA,Douglas
311061329,Daisy Hill,QLD,Metropolitan,1,2024,Logan - Beaudesert,Greater Brisbane,0.5843,0.5339,0.5962,0.5628,0.7082,0.5257,0.4398,0.5997,0.5646,0.5221,0.4468,M50,MC,MA,Logan
314021576,Dakabin,QLD,Metropolitan,1,2024,Moreton Bay - South,Greater Brisbane,0.4191,0.4147,0.4337,0.3987,0.3871,0.4068,0.3565,0.6039,0.4361,0.4682,0.4615,L25,LC,LA,Moreton Bay
318011463,Dalrymple,QLD,Remote,4,2024,Townsville,Rest of Qld,0.4168,0.5001,0.4937,0.8942,0.5552,0.4740,0.4055,0.0866,0.5479,0.4785,0.3891,L25,LC,MA,Charters Towers
317011446,Darling Heights,QLD,Inner regional,2,2024,Toowoomba,Rest of Qld,0.4712,0.5569,0.5584,0.3118,0.5980,0.6371,0.4554,0.5966,0.6373,0.4567,0.3293,M50,LC,MA,Toowoomba
310011271,Darra - Sumner,QLD,Metropolitan,1,2024,Ipswich,Greater Brisbane,0.6376,0.4834,0.5876,0.3888,0.8147,0.5533,0.4545,0.6180,0.6885,0.2189,0.6042,M50,MC,MA,Brisbane
314011384,Dayboro,QLD,Metropolitan,1,2024,Moreton Bay - South,Greater Brisbane,0.6374,0.6936,0.7377,0.8423,0.8853,0.3643,0.3447,0.6039,0.6341,0.7366,0.5344,H75,MC,HA,Moreton Bay
302041043,Deagon,QLD,Metropolitan,1,2024,Brisbane - North,Greater Brisbane,0.6969,0.5368,0.6579,0.6219,0.7746,0.4667,0.4391,0.6180,0.6444,0.4041,0.7806,M50,HC,MA,Brisbane
313041373,Deception Bay,QLD,Metropolitan,1,2024,Moreton Bay - North,Greater Brisbane,0.5810,0.3926,0.4936,0.3507,0.7183,0.6249,0.4236,0.6039,0.4903,0.3431,0.5550,L25,MC,LA,Moreton Bay
318021583,Deeragun - Jensen,QLD,Outer regional,3,2024,Townsville,Rest of Qld,0.5321,0.6060,0.6219,0.5179,0.7265,0.7094,0.4669,0.5966,0.6606,0.5199,0.2284,M50,MC,MA,Townsville
316071546,Diddillibah - Rosemount,QLD,Metropolitan,1,2024,Sunshine Coast,Rest of Qld,0.6980,0.7014,0.7760,0.7389,0.7473,0.5715,0.4340,0.5994,0.6398,0.7433,0.6624,H75,HC,HA,Sunshine Coast
310011563,Doolandella,QLD,Metropolitan,1,2024,Ipswich,Greater Brisbane,0.4838,0.4984,0.5224,0.3467,0.5240,0.5254,0.4524,0.6180,0.6763,0.2716,0.4249,M50,MC,MA,Brisbane
318021474,Douglas,QLD,Outer regional,3,2024,Townsville,Rest of Qld,0.5399,0.5238,0.5670,0.4677,0.5891,0.7991,0.4717,0.5966,0.5186,0.5702,0.3374,M50,MC,MA,Townsville
317011447,Drayton - Harristown,QLD,Inner regional,2,2024,Toowoomba,Rest of Qld,0.4355,0.5866,0.5637,0.2861,0.6813,0.3366,0.4565,0.5966,0.6421,0.5098,0.3540,M50,LC,MA,Toowoomba
310011272,Durack,QLD,Metropolitan,1,2024,Ipswich,Greater Brisbane,0.5201,0.4463,0.5022,0.2670,0.5214,0.7156,0.4529,0.6180,0.6241,0.2467,0.5776,L25,MC,LA,Brisbane
311021307,Eagleby,QLD,Metropolitan,1,2024,Logan - Beaudesert,Greater Brisbane,0.4501,0.3828,0.4246,0.1991,0.6313,0.7028,0.4256,0.5997,0.5349,0.2540,0.3693,L25,LC,LA,Logan
302031037,Eagle Farm - Pinkenba,QLD,Metropolitan,1,2024,Brisbane - North,Greater Brisbane,0.5475,0.6079,0.6308,0.5319,0.6523,0.3399,0.4418,0.6180,0.7511,0.3759,0.5227,M50,MC,MA,Brisbane
306021146,Earlville - Bayview Heights,QLD,Outer regional,3,2024,Cairns,Rest of Qld,0.5816,0.6319,0.6648,0.5304,0.8073,0.5863,0.4688,0.5949,0.6596,0.5739,0.3359,M50,MC,MA,Cairns
305021115,East Brisbane,QLD,Metropolitan,1,2024,Brisbane Inner City,Greater Brisbane,0.6168,0.6660,0.7071,0.5397,0.6949,0.3782,0.4537,0.6180,0.7543,0.4900,0.7144,M50,MC,HA,Brisbane
312021343,East Mackay,QLD,Inner regional,2,2024,Mackay,Rest of Qld,0.6314,0.5165,0.6080,0.5392,0.7344,0.5584,0.4308,0.5966,0.5411,0.5222,0.5679,M50,MC,MA,Mackay
314011385,Eatons Hill,QLD,Metropolitan,1,2024,Moreton Bay - South,Greater Brisbane,0.5961,0.6860,0.7107,0.8091,0.8284,0.2878,0.3534,0.6039,0.5554,0.8385,0.5761,M50,MC,HA,Moreton Bay
311021308,Edens Landing - Holmview,QLD,Metropolitan,1,2024,Logan - Beaudesert,Greater Brisbane,0.4956,0.4324,0.4807,0.4003,0.5689,0.7013,0.4254,0.5997,0.5499,0.3353,0.3394,L25,MC,LA,Logan
306021147,Edmonton,QLD,Outer regional,3,2024,Cairns,Rest of Qld,0.5355,0.5480,0.5822,0.4706,0.7260,0.8044,0.4664,0.5949,0.6756,0.3767,0.2250,M50,MC,MA,Cairns
303031060,Eight Mile Plains,QLD,Metropolitan,1,2024,Brisbane - South,Greater Brisbane,0.6661,0.5375,0.6415,0.4201,0.8060,0.7649,0.4350,0.6180,0.7283,0.2665,0.5706,M50,HC,MA,Brisbane
312021344,Eimeo - Rural View,QLD,Inner regional,2,2024,Mackay,Rest of Qld,0.5653,0.5319,0.5853,0.6134,0.5919,0.7276,0.4291,0.5966,0.5919,0.4764,0.3800,M50,MC,MA,Mackay
309021233,Elanora,QLD,Metropolitan,1,2024,Gold Coast,Rest of Qld,0.7156,0.6179,0.7263,0.6209,0.7742,0.7965,0.4064,0.6066,0.6078,0.6260,0.6462,H75,HC,MA,Gold Coast
313021367,Elimbah,QLD,Metropolitan,1,2024,Moreton Bay - North,Greater Brisbane,0.6313,0.5546,0.6352,0.6913,0.8542,0.3984,0.4296,0.6039,0.5430,0.5963,0.4951,M50,MC,MA,Moreton Bay
308011192,Emerald,QLD,Outer regional,3,2024,Fitzroy,Rest of Qld,0.5475,0.4687,0.5314,0.5592,0.5364,0.6936,0.4321,0.5946,0.5660,0.3862,0.4275,M50,MC,LA,Central Highlands (Qld)
308031207,Emu Park,QLD,Inner regional,2,2024,Fitzroy,Rest of Qld,0.4437,0.5333,0.5292,0.5162,0.5165,0.2838,0.4466,0.5941,0.5615,0.5257,0.4003,M50,LC,MA,Livingstone
304041098,Enoggera,QLD,Metropolitan,1,2024,Brisbane - West,Greater Brisbane,0.5156,0.5315,0.5609,0.6030,0.5886,0.3408,0.2439,0.6180,0.6222,0.4283,0.7334,M50,MC,MA,Brisbane
310021278,Esk,QLD,Inner regional,2,2024,Ipswich,Greater Brisbane,0.4621,0.4602,0.4852,0.5198,0.6865,0.2844,0.4235,0.5817,0.5594,0.3788,0.3552,L25,LC,LA,Somerset
316071547,Eumundi - Yandina,QLD,Metropolitan,1,2024,Sunshine Coast,Rest of Qld,0.7132,0.6714,0.7631,0.7014,0.8308,0.6629,0.4285,0.5994,0.6505,0.6673,0.5769,H75,HC,HA,Sunshine Coast
302011025,Everton Park,QLD,Metropolitan,1,2024,Brisbane - North,Greater Brisbane,0.6207,0.5950,0.6585,0.5702,0.7213,0.3653,0.4449,0.6180,0.6543,0.5076,0.6952,M50,MC,MA,Brisbane
303021054,Fairfield - Dutton Park,QLD,Metropolitan,1,2024,Brisbane - South,Greater Brisbane,0.6103,0.5761,0.6396,0.5395,0.6290,0.3872,0.4484,0.6180,0.6912,0.4096,0.7844,M50,MC,MA,Brisbane
315031410,Far Central West,QLD,Very remote,5,2024,Queensland - Outback,Rest of Qld,0.3681,0.4241,0.4189,0.7411,0.4701,0.4698,0.3570,0.0882,0.6176,0.2098,0.4284,L25,LC,LA,Diamantina; Barcoo; Boulia; Winton
315031411,Far South West,QLD,Very remote,5,2024,Queensland - Outback,Rest of Qld,0.3602,0.3927,0.3932,0.6583,0.3959,0.4700,0.4428,0.0702,0.5725,0.2157,0.4413,L25,LC,LA,Paroo; Quilpie; Bulloo
304021089,Fig Tree Pocket,QLD,Metropolitan,1,2024,Brisbane - West,Greater Brisbane,0.5418,0.9066,0.8413,0.6750,0.8447,0.2496,0.2385,0.6180,0.7468,0.9786,0.6410,H75,MC,HA,Brisbane
311041567,Flagstone (East) - Riverbend,QLD,Metropolitan,1,2024,Logan - Beaudesert,Greater Brisbane,0.5460,0.5586,0.5948,0.5644,0.7082,0.8544,0.3859,0.5997,0.5898,0.5340,0.2532,M50,MC,MA,Logan
311041568,Flagstone (West) - New Beith,QLD,Metropolitan,1,2024,Logan - Beaudesert,Greater Brisbane,0.4190,0.5441,0.5261,0.6309,0.7019,0.2373,0.3869,0.5997,0.5736,0.5293,0.2455,M50,LC,MA,Logan
310011564,Forest Lake - Ellen Grove,QLD,Metropolitan,1,2024,Ipswich,Greater Brisbane,0.6750,0.4480,0.5824,0.4404,0.7086,0.8600,0.4520,0.6180,0.5515,0.3656,0.6115,M50,HC,LA,Brisbane
305011106,Fortitude Valley,QLD,Metropolitan,1,2024,Brisbane Inner City,Greater Brisbane,0.4771,0.6426,0.6223,0.4582,0.5147,0.2245,0.4729,0.6180,0.8169,0.3345,0.6718,M50,MC,MA,Brisbane
308031208,Frenchville - Mount Archer,QLD,Inner regional,2,2024,Fitzroy,Rest of Qld,0.6302,0.5618,0.6397,0.5918,0.7869,0.4451,0.4523,0.5935,0.5207,0.6434,0.5480,M50,MC,MA,Rockhampton
306011140,Freshwater - Stratford,QLD,Outer regional,3,2024,Cairns,Rest of Qld,0.4675,0.6058,0.5916,0.6024,0.7944,0.2363,0.4527,0.5949,0.5659,0.6648,0.2905,M50,LC,MA,Cairns
318021475,Garbutt - West End,QLD,Outer regional,3,2024,Townsville,Rest of Qld,0.5608,0.5092,0.5668,0.4556,0.7374,0.5750,0.4729,0.5966,0.6154,0.3930,0.3754,M50,MC,MA,Townsville
317011448,Gatton,QLD,Inner regional,2,2024,Toowoomba,Rest of Qld,0.3787,0.6550,0.5881,0.2483,0.4748,0.4078,0.4577,0.5943,0.6617,0.6171,0.3228,M50,LC,HA,Lockyer Valley
319021503,Gayndah - Mundubbera,QLD,Inner regional,2,2024,Wide Bay,Rest of Qld,0.4061,0.4400,0.4462,0.5333,0.5093,0.4741,0.4127,0.0716,0.5016,0.4246,0.6135,L25,LC,LA,North Burnett
302021030,Geebung,QLD,Metropolitan,1,2024,Brisbane - North,Greater Brisbane,0.6465,0.6948,0.7433,0.5833,0.9191,0.2523,0.4557,0.6180,0.7286,0.5905,0.7331,H75,MC,HA,Brisbane
319021504,Gin Gin,QLD,Inner regional,2,2024,Wide Bay,Rest of Qld,0.3797,0.4165,0.4183,0.4497,0.5665,0.4924,0.4095,0.1051,0.5075,0.3671,0.4756,L25,LC,LA,Bundaberg
308051534,Gladstone,QLD,Inner regional,2,2024,Fitzroy,Rest of Qld,0.5379,0.3561,0.4463,0.3943,0.7141,0.3971,0.4450,0.5949,0.4245,0.3639,0.4839,L25,MC,LA,Gladstone
308051535,Gladstone Hinterland,QLD,Inner regional,2,2024,Fitzroy,Rest of Qld,0.4640,0.5154,0.5255,0.6666,0.7121,0.5203,0.4429,0.1273,0.5037,0.5750,0.4366,M50,LC,MA,Gladstone
316061441,Glass House Mountains,QLD,Metropolitan,1,2024,Sunshine Coast,Rest of Qld,0.7021,0.6192,0.7196,0.6685,0.8195,0.6683,0.4154,0.5956,0.6382,0.5818,0.5895,H75,HC,MA,Sunshine Coast
308031209,Glenlee - Rockyview,QLD,Inner regional,2,2024,Fitzroy,Rest of Qld,0.6785,0.5709,0.6721,0.9056,0.7430,0.7340,0.4489,0.5941,0.5398,0.6337,0.4172,M50,HC,MA,Livingstone
316021421,Golden Beach - Pelican Waters,QLD,Metropolitan,1,2024,Sunshine Coast,Rest of Qld,0.6712,0.6038,0.6916,0.5538,0.7482,0.5823,0.4387,0.5994,0.5526,0.6805,0.6626,M50,HC,MA,Sunshine Coast
310041300,Goodna,QLD,Metropolitan,1,2024,Ipswich,Greater Brisbane,0.3951,0.3757,0.3956,0.2503,0.6389,0.5714,0.4423,0.6058,0.5628,0.1945,0.1935,L25,LC,LA,Ipswich
307011173,Goondiwindi,QLD,Outer regional,3,2024,Darling Downs - Maranoa,Rest of Qld,0.3863,0.4914,0.4745,0.5836,0.6349,0.5694,0.3912,0.1015,0.4825,0.5574,0.3321,L25,LC,MA,Goondiwindi
306021148,Gordonvale - Trinity,QLD,Outer regional,3,2024,Cairns,Rest of Qld,0.5278,0.6427,0.6461,0.6265,0.7508,0.4823,0.4688,0.5874,0.7055,0.5227,0.2574,M50,MC,MA,Cairns
317011449,Gowrie (Qld),QLD,Inner regional,2,2024,Toowoomba,Rest of Qld,0.5894,0.7466,0.7506,0.7450,0.7194,0.7578,0.4501,0.5966,0.7321,0.6885,0.2595,H75,MC,HA,Toowoomba
308031210,Gracemere,QLD,Inner regional,2,2024,Fitzroy,Rest of Qld,0.5016,0.5147,0.5423,0.4229,0.5811,0.5330,0.4506,0.5935,0.6263,0.3872,0.3899,M50,MC,MA,Rockhampton
305031123,Grange,QLD,Metropolitan,1,2024,Brisbane Inner City,Greater Brisbane,0.6514,0.8889,0.8846,0.7167,0.7400,0.3498,0.4668,0.6180,0.8007,0.8579,0.6966,H75,MC,HA,Brisbane
319051523,Granville,QLD,Inner regional,2,2024,Wide Bay,Rest of Qld,0.4159,0.4396,0.4501,0.3948,0.5703,0.2083,0.4365,0.5520,0.4707,0.4692,0.5344,L25,LC,LA,Fraser Coast
311041569,Greenbank - North Maclean,QLD,Metropolitan,1,2024,Logan - Beaudesert,Greater Brisbane,0.5438,0.5689,0.6011,0.5831,0.7641,0.6363,0.3874,0.5997,0.6065,0.5293,0.2852,M50,MC,MA,Logan
303021055,Greenslopes,QLD,Metropolitan,1,2024,Brisbane - South,Greater Brisbane,0.5786,0.5436,0.6003,0.5286,0.6135,0.3433,0.4521,0.6180,0.6362,0.4313,0.7206,M50,MC,MA,Brisbane
309041241,Guanaba - Springbrook,QLD,Metropolitan,1,2024,Gold Coast,Rest of Qld,0.6117,0.6850,0.7181,0.7643,0.8040,0.3819,0.3946,0.5775,0.7618,0.5162,0.5440,H75,MC,HA,Gold Coast
318021476,Gulliver - Currajong - Vincent,QLD,Outer regional,3,2024,Townsville,Rest of Qld,0.5398,0.4975,0.5482,0.4417,0.7917,0.4791,0.4722,0.5966,0.5984,0.3954,0.3433,M50,MC,MA,Townsville
319031512,Gympie - North,QLD,Inner regional,2,2024,Wide Bay,Rest of Qld,0.5127,0.3725,0.4460,0.3085,0.7204,0.3934,0.4377,0.5641,0.4288,0.3917,0.5917,L25,MC,LA,Gympie
319031513,Gympie - South,QLD,Inner regional,2,2024,Wide Bay,Rest of Qld,0.6010,0.4670,0.5569,0.4179,0.7219,0.6318,0.4364,0.5641,0.4840,0.5059,0.5933,M50,MC,LA,Gympie
319031514,Gympie Surrounds,QLD,Inner regional,2,2024,Wide Bay,Rest of Qld,0.4469,0.5012,0.5077,0.6724,0.7122,0.2542,0.4336,0.3309,0.5308,0.5065,0.5238,L25,LC,MA,Fraser Coast; Gympie
305031124,Hamilton (Qld),QLD,Metropolitan,1,2024,Brisbane Inner City,Greater Brisbane,0.5907,0.7930,0.7845,0.5459,0.6788,0.3353,0.4639,0.6180,0.8642,0.5609,0.6665,H75,MC,HA,Brisbane
305021116,Hawthorne,QLD,Metropolitan,1,2024,Brisbane Inner City,Greater Brisbane,0.5749,0.7914,0.7754,0.6587,0.8008,0.1947,0.4524,0.6180,0.7142,0.8055,0.6496,H75,MC,HA,Brisbane
318021477,Heatley,QLD,Outer regional,3,2024,Townsville,Rest of Qld,0.4622,0.5880,0.5765,0.2831,0.5922,0.6130,0.4713,0.5966,0.6866,0.4415,0.3376,M50,LC,MA,Townsville
309071252,Helensvale,QLD,Metropolitan,1,2024,Gold Coast,Rest of Qld,0.6730,0.6597,0.7325,0.5289,0.8238,0.7260,0.3948,0.6066,0.6560,0.6355,0.5649,H75,HC,HA,Gold Coast
305031125,Hendra,QLD,Metropolitan,1,2024,Brisbane Inner City,Greater Brisbane,0.6076,0.8429,0.8287,0.7325,0.8657,0.2119,0.4631,0.6180,0.7952,0.7767,0.6081,H75,MC,HA,Brisbane
306051167,Herberton,QLD,Outer regional,3,2024,Cairns,Rest of Qld,0.4042,0.4913,0.4820,0.4826,0.6403,0.6583,0.4540,0.0914,0.6083,0.3672,0.3550,L25,LC,MA,Tablelands; Mareeba
318021478,Hermit Park - Rosslea,QLD,Outer regional,3,2024,Townsville,Rest of Qld,0.5184,0.5226,0.5558,0.4346,0.6756,0.5048,0.4729,0.5966,0.6254,0.4049,0.3594,M50,MC,MA,Townsville
317011450,Highfields,QLD,Inner regional,2,2024,Toowoomba,Rest of Qld,0.6025,0.7462,0.7570,0.8038,0.7720,0.6026,0.4512,0.5966,0.6979,0.7419,0.3055,H75,MC,HA,Toowoomba
305011107,Highgate Hill,QLD,Metropolitan,1,2024,Brisbane Inner City,Greater Brisbane,0.5062,0.7594,0.7192,0.4802,0.5959,0.1915,0.4710,0.6180,0.9044,0.4211,0.7621,H75,MC,HA,Brisbane
309061247,Highland Park,QLD,Metropolitan,1,2024,Gold Coast,Rest of Qld,0.7144,0.4999,0.6414,0.5894,0.7817,0.9172,0.3955,0.6066,0.4957,0.5553,0.6009,M50,HC,MA,Gold Coast
311031316,Hillcrest,QLD,Metropolitan,1,2024,Logan - Beaudesert,Greater Brisbane,0.5688,0.4769,0.5477,0.4698,0.7560,0.6129,0.4127,0.5997,0.5319,0.4549,0.3986,M50,MC,MA,Logan
303021056,Holland Park,QLD,Metropolitan,1,2024,Brisbane - South,Greater Brisbane,0.5828,0.6054,0.6465,0.5548,0.6942,0.2793,0.4484,0.6180,0.6527,0.5314,0.7519,M50,MC,MA,Brisbane
303021057,Holland Park West,QLD,Metropolitan,1,2024,Brisbane - South,Greater Brisbane,0.6070,0.6766,0.7097,0.6036,0.6932,0.3151,0.4484,0.6180,0.7221,0.5644,0.7411,M50,MC,HA,Brisbane
309071253,Hope Island,QLD,Metropolitan,1,2024,Gold Coast,Rest of Qld,0.5950,0.6644,0.6948,0.5366,0.7807,0.6428,0.3943,0.6066,0.6759,0.6137,0.4056,M50,MC,HA,Gold Coast
318021479,Hyde Park - Pimlico,QLD,Outer regional,3,2024,Townsville,Rest of Qld,0.5358,0.5198,0.5621,0.4175,0.7004,0.4958,0.4739,0.5966,0.6061,0.4295,0.3961,M50,MC,MA,Townsville
310011274,Inala - Richlands,QLD,Metropolitan,1,2024,Ipswich,Greater Brisbane,0.3827,0.4442,0.4393,0.1285,0.5290,0.4227,0.4529,0.6180,0.7091,0.0972,0.4625,L25,LC,LA,Brisbane
304031094,Indooroopilly,QLD,Metropolitan,1,2024,Brisbane - West,Greater Brisbane,0.4723,0.6085,0.5958,0.4224,0.7015,0.2880,0.2419,0.6180,0.6926,0.4739,0.6488,M50,LC,MA,Brisbane
318011464,Ingham,QLD,Outer regional,3,2024,Townsville,Rest of Qld,0.4806,0.4450,0.4828,0.4220,0.6830,0.4764,0.4182,0.5022,0.4475,0.5137,0.4092,L25,MC,LA,Hinchinbrook
318011465,Ingham Surrounds,QLD,Outer regional,3,2024,Townsville,Rest of Qld,0.4321,0.5022,0.5019,0.7441,0.5470,0.6364,0.4127,0.0716,0.5000,0.5538,0.4227,L25,LC,MA,Hinchinbrook
307011174,Inglewood - Waggamba,QLD,Outer regional,3,2024,Darling Downs - Maranoa,Rest of Qld,0.3311,0.4620,0.4310,0.6847,0.4060,0.5149,0.3866,0.1015,0.5153,0.4495,0.3154,L25,LC,LA,Goondiwindi
306031159,Innisfail,QLD,Outer regional,3,2024,Cairns,Rest of Qld,0.4194,0.4917,0.4888,0.3489,0.5469,0.5243,0.4488,0.5219,0.5956,0.3878,0.3222,L25,LC,MA,Cassowary Coast
310031286,Ipswich - Central,QLD,Metropolitan,1,2024,Ipswich,Greater Brisbane,0.4947,0.3979,0.4557,0.4725,0.7632,0.3274,0.4615,0.6058,0.4943,0.3482,0.3329,L25,MC,LA,Ipswich
310031287,Ipswich - East,QLD,Metropolitan,1,2024,Ipswich,Greater Brisbane,0.4897,0.3866,0.4453,0.4062,0.7331,0.4318,0.4603,0.6058,0.5019,0.3129,0.2986,L25,MC,LA,Ipswich
310031288,Ipswich - North,QLD,Metropolitan,1,2024,Ipswich,Greater Brisbane,0.6084,0.5973,0.6537,0.7131,0.9050,0.5339,0.4562,0.6062,0.5622,0.6532,0.2662,M50,MC,MA,Ipswich; Brisbane
309071254,Jacobs Well - Alberton,QLD,Metropolitan,1,2024,Gold Coast,Rest of Qld,0.6358,0.6810,0.7278,0.7392,0.7652,0.6192,0.3907,0.6066,0.7390,0.5457,0.4478,H75,MC,HA,Gold Coast
311041570,Jimboomba - Glenlogan,QLD,Metropolitan,1,2024,Logan - Beaudesert,Greater Brisbane,0.5212,0.5752,0.5947,0.6407,0.7313,0.4943,0.3846,0.5997,0.6117,0.5339,0.2966,M50,MC,MA,Logan
304011081,Jindalee - Mount Ommaney,QLD,Metropolitan,1,2024,Brisbane - West,Greater Brisbane,0.6360,0.7320,0.7643,0.6352,0.8841,0.4817,0.2385,0.6180,0.6759,0.7482,0.6843,H75,MC,HA,Brisbane
306031160,Johnstone,QLD,Outer regional,3,2024,Cairns,Rest of Qld,0.3907,0.5631,0.5275,0.7150,0.6237,0.4109,0.4457,0.0835,0.6124,0.5083,0.3571,M50,LC,MA,Cassowary Coast
307021180,Jondaryan,QLD,Inner regional,2,2024,Darling Downs - Maranoa,Rest of Qld,0.4482,0.4832,0.4954,0.5687,0.5725,0.3743,0.3575,0.5966,0.4982,0.5179,0.3242,L25,LC,MA,Western Downs; Toowoomba
314021577,Kallangur,QLD,Metropolitan,1,2024,Moreton Bay - South,Greater Brisbane,0.5321,0.3891,0.4671,0.3953,0.6215,0.5074,0.3569,0.6039,0.4599,0.3809,0.5673,L25,MC,LA,Moreton Bay
305011108,Kangaroo Point,QLD,Metropolitan,1,2024,Brisbane Inner City,Greater Brisbane,0.5336,0.7180,0.7027,0.5040,0.5782,0.3007,0.4729,0.6180,0.8090,0.5038,0.6286,M50,MC,HA,Brisbane
306021149,Kanimbla - Mooroobool,QLD,Outer regional,3,2024,Cairns,Rest of Qld,0.5373,0.6019,0.6215,0.4359,0.7421,0.7346,0.4704,0.5949,0.6859,0.4711,0.2691,M50,MC,MA,Cairns
310031289,Karalee - Barellan Point,QLD,Metropolitan,1,2024,Ipswich,Greater Brisbane,0.4390,0.5621,0.5477,0.7676,0.7244,0.2156,0.4549,0.6058,0.5283,0.6330,0.2016,M50,LC,MA,Ipswich
310031290,Karana Downs,QLD,Metropolitan,1,2024,Ipswich,Greater Brisbane,0.6794,0.6734,0.7458,0.8314,0.8075,0.7866,0.4547,0.6180,0.6302,0.7025,0.3429,H75,HC,HA,Brisbane
302021031,Kedron - Gordon Park,QLD,Metropolitan,1,2024,Brisbane - North,Greater Brisbane,0.6083,0.6354,0.6809,0.6110,0.7050,0.3064,0.4557,0.6180,0.7050,0.5086,0.7325,M50,MC,MA,Brisbane
318021480,Kelso,QLD,Outer regional,3,2024,Townsville,Rest of Qld,0.4882,0.5488,0.5604,0.4643,0.6702,0.5058,0.4659,0.5966,0.6655,0.3949,0.2726,M50,MC,MA,Townsville
305031126,Kelvin Grove - Herston,QLD,Metropolitan,1,2024,Brisbane Inner City,Greater Brisbane,0.5265,0.6589,0.6570,0.3592,0.5605,0.3644,0.4696,0.6180,0.6804,0.5955,0.6961,M50,MC,HA,Brisbane
304021090,Kenmore,QLD,Metropolitan,1,2024,Brisbane - West,Greater Brisbane,0.5811,0.7917,0.7786,0.5999,0.8049,0.3840,0.2385,0.6180,0.7241,0.7904,0.7195,H75,MC,HA,Brisbane
304041100,Keperra,QLD,Metropolitan,1,2024,Brisbane - West,Greater Brisbane,0.5201,0.5507,0.5767,0.4349,0.7012,0.3829,0.2422,0.6180,0.6351,0.4474,0.7223,M50,MC,MA,Brisbane
313031370,Kilcoy,QLD,Inner regional,2,2024,Moreton Bay - North,Greater Brisbane,0.5385,0.4630,0.5229,0.5479,0.5725,0.4516,0.4204,0.5817,0.5297,0.4298,0.5370,M50,MC,LA,Somerset
319031515,Kilkivan,QLD,Inner regional,2,2024,Wide Bay,Rest of Qld,0.4275,0.4746,0.4802,0.6585,0.5138,0.4624,0.4428,0.1088,0.5311,0.4517,0.5653,L25,LC,MA,Gympie
319021505,Kingaroy,QLD,Inner regional,2,2024,Wide Bay,Rest of Qld,0.4621,0.4515,0.4790,0.4165,0.6607,0.4649,0.4096,0.5245,0.4542,0.5173,0.3623,L25,LC,LA,South Burnett
319021506,Kingaroy Surrounds - North,QLD,Inner regional,2,2024,Wide Bay,Rest of Qld,0.2963,0.4153,0.3840,0.4521,0.5127,0.4226,0.4105,0.0797,0.4960,0.3818,0.2906,L25,LC,LA,South Burnett; Gympie; Cherbourg
319021507,Kingaroy Surrounds - South,QLD,Inner regional,2,2024,Wide Bay,Rest of Qld,0.4100,0.4815,0.4775,0.8061,0.5913,0.1797,0.4085,0.5245,0.5154,0.4891,0.3311,L25,LC,MA,South Burnett
311061330,Kingston (Qld),QLD,Metropolitan,1,2024,Logan - Beaudesert,Greater Brisbane,0.3493,0.4096,0.4008,0.1346,0.6367,0.3471,0.4392,0.5997,0.5953,0.2150,0.3270,L25,LC,LA,Logan
308051536,Kin Kora - Sun Valley,QLD,Inner regional,2,2024,Fitzroy,Rest of Qld,0.5497,0.4138,0.4933,0.5034,0.6310,0.4154,0.4447,0.5949,0.4477,0.4496,0.5210,L25,MC,LA,Gladstone
318021481,Kirwan - East,QLD,Outer regional,3,2024,Townsville,Rest of Qld,0.4869,0.5121,0.5336,0.3135,0.7409,0.5066,0.4717,0.5966,0.5652,0.4768,0.3253,M50,MC,MA,Townsville
318021482,Kirwan - West,QLD,Outer regional,3,2024,Townsville,Rest of Qld,0.5740,0.5341,0.5912,0.5373,0.6870,0.7951,0.4713,0.5966,0.5737,0.5088,0.3226,M50,MC,MA,Townsville
315011398,Kowanyama - Pormpuraaw,QLD,Very remote,5,2024,Queensland - Outback,Rest of Qld,0.1392,0.1450,0.1351,0.3527,0.0568,0.7829,0.1458,0.0283,0.2771,0.1237,0.1269,L25,LC,LA,Pormpuraaw; Kowanyama
303061077,Kuraby,QLD,Metropolitan,1,2024,Brisbane - South,Greater Brisbane,0.5384,0.5914,0.6146,0.4439,0.7372,0.3118,0.4231,0.6180,0.6753,0.4667,0.5195,M50,MC,MA,Brisbane
306051168,Kuranda,QLD,Outer regional,3,2024,Cairns,Rest of Qld,0.5658,0.5192,0.5764,0.6524,0.7050,0.6282,0.4529,0.5365,0.6107,0.4209,0.3734,M50,MC,MA,Mareeba
309031238,Labrador,QLD,Metropolitan,1,2024,Gold Coast,Rest of Qld,0.5031,0.4667,0.5087,0.2971,0.5824,0.5064,0.4014,0.6066,0.6198,0.2970,0.5790,L25,MC,LA,Gold Coast
308031211,Lakes Creek,QLD,Inner regional,2,2024,Fitzroy,Rest of Qld,0.4426,0.4758,0.4877,0.3276,0.7018,0.2221,0.4523,0.5935,0.5800,0.3793,0.4827,L25,LC,MA,Rockhampton
316061442,Landsborough,QLD,Metropolitan,1,2024,Sunshine Coast,Rest of Qld,0.5971,0.6414,0.6795,0.6196,0.7024,0.5247,0.4197,0.5994,0.6509,0.6066,0.4782,M50,MC,MA,Sunshine Coast
314031392,Lawnton,QLD,Metropolitan,1,2024,Moreton Bay - South,Greater Brisbane,0.5721,0.4675,0.5426,0.4628,0.7038,0.4624,0.3590,0.6039,0.5764,0.3675,0.5995,M50,MC,LA,Moreton Bay
310031291,Leichhardt - One Mile,QLD,Metropolitan,1,2024,Ipswich,Greater Brisbane,0.3476,0.3397,0.3502,0.2233,0.5612,0.4019,0.4599,0.6058,0.5181,0.1878,0.2078,L25,LC,LA,Ipswich
310021280,Lockyer Valley - East,QLD,Inner regional,2,2024,Ipswich,Greater Brisbane,0.5115,0.4615,0.5090,0.5052,0.7323,0.5461,0.4232,0.5943,0.5612,0.3787,0.2790,L25,MC,LA,Lockyer Valley; Somerset
317011451,Lockyer Valley - West,QLD,Inner regional,2,2024,Toowoomba,Rest of Qld,0.5565,0.6879,0.6923,0.7396,0.7621,0.4635,0.4516,0.5943,0.7045,0.6155,0.2967,M50,MC,HA,Lockyer Valley
311061331,Logan Central,QLD,Metropolitan,1,2024,Logan - Beaudesert,Greater Brisbane,0.2802,0.3277,0.3153,0.0268,0.5602,0.3365,0.4389,0.5997,0.5252,0.1503,0.3262,L25,LC,LA,Logan
311051325,Loganholme - Tanah Merah,QLD,Metropolitan,1,2024,Logan - Beaudesert,Greater Brisbane,0.5877,0.5216,0.5891,0.5464,0.8290,0.4832,0.4444,0.5997,0.5928,0.4538,0.3950,M50,MC,MA,Logan
311051326,Loganlea,QLD,Metropolitan,1,2024,Logan - Beaudesert,Greater Brisbane,0.4411,0.3864,0.4231,0.2381,0.5755,0.6096,0.4449,0.5997,0.5759,0.1964,0.3541,L25,LC,LA,Logan
311041322,Logan Village,QLD,Metropolitan,1,2024,Logan - Beaudesert,Greater Brisbane,0.5694,0.5833,0.6240,0.6670,0.7055,0.6659,0.3867,0.5997,0.6241,0.5313,0.3384,M50,MC,MA,Logan
315031412,Longreach,QLD,Very remote,5,2024,Queensland - Outback,Rest of Qld,0.5014,0.4207,0.4750,0.7046,0.6579,0.5684,0.4577,0.1097,0.5758,0.2701,0.5518,L25,MC,LA,Longreach
310021281,Lowood,QLD,Metropolitan,1,2024,Ipswich,Greater Brisbane,0.4962,0.4718,0.5091,0.5540,0.7321,0.4564,0.4218,0.5817,0.5788,0.3728,0.2750,L25,MC,LA,Somerset
303031061,Macgregor (Qld),QLD,Metropolitan,1,2024,Brisbane - South,Greater Brisbane,0.5274,0.6172,0.6277,0.3067,0.7509,0.3786,0.4360,0.6180,0.7187,0.4490,0.5352,M50,MC,MA,Brisbane
312021346,Mackay,QLD,Inner regional,2,2024,Mackay,Rest of Qld,0.5018,0.3909,0.4540,0.3796,0.6041,0.3699,0.4329,0.5966,0.5486,0.2496,0.5201,L25,MC,LA,Mackay
312021347,Mackay Harbour,QLD,Inner regional,2,2024,Mackay,Rest of Qld,0.6460,0.4628,0.5774,0.7988,0.6928,0.5704,0.4297,0.5966,0.5001,0.4734,0.5148,M50,MC,LA,Mackay
318021483,Magnetic Island,QLD,Outer regional,3,2024,Townsville,Rest of Qld,0.4595,0.5272,0.5319,0.6188,0.6824,0.6623,0.3650,0.1974,0.6351,0.3990,0.4298,M50,LC,MA,Townsville
309101269,Main Beach,QLD,Metropolitan,1,2024,Gold Coast,Rest of Qld,0.5668,0.6664,0.6820,0.6395,0.7453,0.2941,0.4101,0.6066,0.6860,0.6017,0.5680,M50,MC,HA,Gold Coast
306051169,Malanda - Yungaburra,QLD,Outer regional,3,2024,Cairns,Rest of Qld,0.4524,0.5966,0.5783,0.7094,0.6895,0.5480,0.4588,0.0914,0.6064,0.5853,0.3901,M50,LC,MA,Tablelands
314021578,Mango Hill,QLD,Metropolitan,1,2024,Moreton Bay - South,Greater Brisbane,0.4998,0.4181,0.4725,0.4295,0.5571,0.5736,0.3573,0.6039,0.4614,0.4386,0.4406,L25,MC,LA,Moreton Bay
301031015,Manly - Lota,QLD,Metropolitan,1,2024,Brisbane - East,Greater Brisbane,0.6788,0.7181,0.7774,0.6555,0.8654,0.3944,0.3664,0.6180,0.7339,0.6288,0.7365,H75,HC,HA,Brisbane
301031016,Manly West,QLD,Metropolitan,1,2024,Brisbane - East,Greater Brisbane,0.6495,0.6331,0.7009,0.6302,0.8161,0.4073,0.3666,0.6180,0.6513,0.5895,0.6930,M50,MC,MA,Brisbane
306021151,Manoora,QLD,Outer regional,3,2024,Cairns,Rest of Qld,0.3681,0.4465,0.4349,0.2209,0.4105,0.7041,0.4725,0.5949,0.6717,0.1676,0.2224,L25,LC,LA,Cairns
303031062,Mansfield (Qld),QLD,Metropolitan,1,2024,Brisbane - South,Greater Brisbane,0.6423,0.6158,0.6847,0.4997,0.8228,0.3894,0.4346,0.6180,0.6928,0.4885,0.7014,M50,MC,MA,Brisbane
306021152,Manunda,QLD,Outer regional,3,2024,Cairns,Rest of Qld,0.4455,0.3998,0.4347,0.2645,0.6404,0.6321,0.4730,0.5949,0.6130,0.1648,0.2810,L25,LC,LA,Cairns
316031426,Marcoola - Mudjimba,QLD,Metropolitan,1,2024,Sunshine Coast,Rest of Qld,0.6594,0.5930,0.6776,0.5998,0.7418,0.5497,0.4328,0.5994,0.6310,0.5402,0.6249,M50,MC,MA,Sunshine Coast
306051170,Mareeba,QLD,Outer regional,3,2024,Cairns,Rest of Qld,0.4568,0.4932,0.5064,0.4661,0.5913,0.4206,0.4614,0.5365,0.5705,0.4299,0.3523,L25,LC,MA,Mareeba
313051378,Margate - Woody Point,QLD,Metropolitan,1,2024,Moreton Bay - North,Greater Brisbane,0.4934,0.3905,0.4498,0.4894,0.6254,0.2234,0.4340,0.6039,0.5169,0.2981,0.6355,L25,MC,LA,Moreton Bay
316031427,Maroochydore - Kuluin,QLD,Metropolitan,1,2024,Sunshine Coast,Rest of Qld,0.5845,0.5702,0.6222,0.4357,0.6957,0.4164,0.4353,0.5994,0.6169,0.5158,0.6435,M50,MC,MA,Sunshine Coast
316061443,Maroochy Hinterland,QLD,Inner regional,2,2024,Sunshine Coast,Rest of Qld,0.7073,0.6839,0.7687,0.7370,0.8183,0.5705,0.4156,0.5994,0.6559,0.6838,0.6268,H75,HC,HA,Sunshine Coast
311031317,Marsden,QLD,Metropolitan,1,2024,Logan - Beaudesert,Greater Brisbane,0.3356,0.3621,0.3614,0.1544,0.4644,0.5357,0.4114,0.5997,0.5289,0.2190,0.2815,L25,LC,LA,Logan
319051524,Maryborough (Qld),QLD,Inner regional,2,2024,Wide Bay,Rest of Qld,0.4711,0.3585,0.4167,0.3312,0.7041,0.3004,0.4382,0.5520,0.4046,0.3975,0.5298,L25,LC,LA,Fraser Coast
319051525,Maryborough Surrounds - South,QLD,Inner regional,2,2024,Wide Bay,Rest of Qld,0.3594,0.4300,0.4195,0.5524,0.6495,0.2918,0.4346,0.1015,0.4895,0.4218,0.4286,L25,LC,LA,Fraser Coast; Gympie
302011026,McDowall,QLD,Metropolitan,1,2024,Brisbane - North,Greater Brisbane,0.7337,0.6559,0.7637,0.6524,0.7677,0.7486,0.4439,0.6180,0.5955,0.7202,0.6533,H75,HC,HA,Brisbane
316021581,Meridan Plains - Little Mountain (North),QLD,Metropolitan,1,2024,Sunshine Coast,Rest of Qld,0.6352,0.5942,0.6656,0.4608,0.6719,0.6913,0.4397,0.5994,0.5635,0.6453,0.6515,M50,MC,MA,Sunshine Coast
309011227,Mermaid Beach - Broadbeach,QLD,Metropolitan,1,2024,Gold Coast,Rest of Qld,0.4524,0.5696,0.5590,0.4778,0.6819,0.1643,0.4016,0.6066,0.6853,0.4056,0.5260,M50,LC,MA,Gold Coast
309011228,Mermaid Waters,QLD,Metropolitan,1,2024,Gold Coast,Rest of Qld,0.5871,0.6048,0.6482,0.5043,0.7330,0.4174,0.4016,0.6066,0.6739,0.4963,0.5661,M50,MC,MA,Gold Coast
309081260,Merrimac,QLD,Metropolitan,1,2024,Gold Coast,Rest of Qld,0.6155,0.4658,0.5635,0.4279,0.6382,0.8750,0.4130,0.6066,0.5884,0.3451,0.5355,M50,MC,LA,Gold Coast
309011229,Miami,QLD,Metropolitan,1,2024,Gold Coast,Rest of Qld,0.5755,0.6323,0.6620,0.5496,0.7449,0.3380,0.4011,0.6066,0.6966,0.5159,0.6002,M50,MC,MA,Gold Coast
304011082,Middle Park - Jamboree Heights,QLD,Metropolitan,1,2024,Brisbane - West,Greater Brisbane,0.6152,0.5449,0.6199,0.6068,0.7368,0.6339,0.2385,0.6180,0.5478,0.5697,0.6764,M50,MC,MA,Brisbane
317011452,Middle Ridge,QLD,Inner regional,2,2024,Toowoomba,Rest of Qld,0.5338,0.7392,0.7179,0.5854,0.6743,0.5157,0.4561,0.5966,0.6833,0.7510,0.3338,H75,MC,HA,Toowoomba
307011175,Miles - Wandoan,QLD,Outer regional,3,2024,Darling Downs - Maranoa,Rest of Qld,0.3360,0.4469,0.4221,0.6463,0.4460,0.5199,0.3867,0.1116,0.5129,0.4218,0.3131,L25,LC,LA,Maranoa; Western Downs
319011500,Millbank - Avoca,QLD,Inner regional,2,2024,Wide Bay,Rest of Qld,0.5239,0.4717,0.5222,0.2864,0.6750,0.6145,0.4411,0.5580,0.4837,0.5157,0.5512,M50,MC,LA,Bundaberg
307021181,Millmerran,QLD,Inner regional,2,2024,Darling Downs - Maranoa,Rest of Qld,0.2939,0.4834,0.4317,0.5373,0.4428,0.3548,0.3626,0.1283,0.5179,0.4894,0.3599,L25,LC,MA,Toowoomba
304041101,Mitchelton,QLD,Metropolitan,1,2024,Brisbane - West,Greater Brisbane,0.5583,0.5879,0.6218,0.5923,0.7415,0.3377,0.2432,0.6180,0.5982,0.5802,0.7751,M50,MC,MA,Brisbane; Moreton Bay
316021422,Moffat Beach - Battery Hill,QLD,Metropolitan,1,2024,Sunshine Coast,Rest of Qld,0.5739,0.6252,0.6562,0.5902,0.7199,0.2546,0.4407,0.5994,0.6100,0.6373,0.7371,M50,MC,MA,Sunshine Coast
309091264,Molendinar,QLD,Metropolitan,1,2024,Gold Coast,Rest of Qld,0.6631,0.6472,0.7182,0.4338,0.7793,0.8695,0.4152,0.6066,0.7389,0.4772,0.5539,H75,HC,HA,Gold Coast
319021508,Monto - Eidsvold,QLD,Outer regional,3,2024,Wide Bay,Rest of Qld,0.3877,0.4480,0.4441,0.6048,0.4238,0.5032,0.4109,0.0716,0.5180,0.4166,0.5528,L25,LC,LA,North Burnett
316031428,Mooloolaba - Alexandra Headland,QLD,Metropolitan,1,2024,Sunshine Coast,Rest of Qld,0.6002,0.6168,0.6635,0.5439,0.7560,0.3489,0.4348,0.5994,0.6461,0.5647,0.6592,M50,MC,MA,Sunshine Coast
303041068,Moorooka,QLD,Metropolitan,1,2024,Brisbane - South,Greater Brisbane,0.5758,0.5975,0.6373,0.5348,0.6703,0.2979,0.4402,0.6180,0.7042,0.4324,0.7380,M50,MC,MA,Brisbane
312011341,Moranbah,QLD,Outer regional,3,2024,Mackay,Rest of Qld,0.3902,0.4779,0.4665,0.6498,0.3789,0.6865,0.4223,0.1288,0.5001,0.5044,0.4139,L25,LC,MA,Isaac
313041374,Morayfield,QLD,Metropolitan,1,2024,Moreton Bay - North,Greater Brisbane,0.5103,0.5849,0.5965,0.6006,0.7895,0.1900,0.4232,0.6039,0.5220,0.6876,0.5106,M50,MC,MA,Moreton Bay
313021368,Morayfield - East,QLD,Metropolitan,1,2024,Moreton Bay - North,Greater Brisbane,0.3955,0.3835,0.4013,0.3550,0.5876,0.1727,0.4307,0.6039,0.4897,0.3248,0.4471,L25,LC,LA,Moreton Bay
305021117,Morningside - Seven Hills,QLD,Metropolitan,1,2024,Brisbane Inner City,Greater Brisbane,0.6161,0.6685,0.7086,0.5655,0.7245,0.3592,0.4521,0.6180,0.7576,0.4895,0.6714,M50,MC,HA,Brisbane
316011415,Mountain Creek,QLD,Metropolitan,1,2024,Sunshine Coast,Rest of Qld,0.6355,0.6097,0.6767,0.5268,0.6336,0.8275,0.4355,0.5994,0.6681,0.5156,0.5596,M50,MC,MA,Sunshine Coast
303031063,Mount Gravatt,QLD,Metropolitan,1,2024,Brisbane - South,Greater Brisbane,0.6070,0.5882,0.6465,0.5205,0.7535,0.3316,0.4350,0.6180,0.6880,0.4396,0.7104,M50,MC,MA,Brisbane
315021405,Mount Isa,QLD,Remote,4,2024,Queensland - Outback,Rest of Qld,0.3895,0.3389,0.3669,0.5369,0.4865,0.4566,0.4519,0.5902,0.4319,0.3170,0.1449,L25,LC,LA,Mount Isa
315021406,Mount Isa Surrounds,QLD,Remote,4,2024,Queensland - Outback,Rest of Qld,0.3120,0.3274,0.3273,0.7066,0.4660,0.4084,0.4478,0.1097,0.4520,0.2630,0.2171,L25,LC,LA,Cloncurry; Mount Isa
318021484,Mount Louisa,QLD,Outer regional,3,2024,Townsville,Rest of Qld,0.5638,0.5646,0.6079,0.5730,0.7349,0.6981,0.4706,0.5966,0.6033,0.5255,0.2784,M50,MC,MA,Townsville
308031212,Mount Morgan,QLD,Inner regional,2,2024,Fitzroy,Rest of Qld,0.2839,0.5507,0.4759,0.3556,0.5312,0.2063,0.4542,0.1264,0.6954,0.3498,0.4881,L25,LC,MA,Rockhampton
312021348,Mount Pleasant - Glenella,QLD,Inner regional,2,2024,Mackay,Rest of Qld,0.6659,0.5645,0.6607,0.6725,0.7701,0.6721,0.4316,0.5966,0.5749,0.5684,0.5061,M50,HC,MA,Mackay
306021153,Mount Sheridan,QLD,Outer regional,3,2024,Cairns,Rest of Qld,0.4930,0.5703,0.5780,0.5248,0.7082,0.4693,0.4675,0.5949,0.6397,0.4804,0.2446,M50,MC,MA,Cairns
311021309,Mount Warren Park,QLD,Metropolitan,1,2024,Logan - Beaudesert,Greater Brisbane,0.6148,0.4949,0.5839,0.4872,0.7861,0.7157,0.4256,0.5997,0.5444,0.4731,0.4382,M50,MC,MA,Logan
309051244,Mudgeeraba - Bonogin,QLD,Metropolitan,1,2024,Gold Coast,Rest of Qld,0.6280,0.6240,0.6830,0.6034,0.7582,0.5167,0.3972,0.6066,0.6262,0.6102,0.5494,M50,MC,MA,Gold Coast
318021485,Mundingburra,QLD,Outer regional,3,2024,Townsville,Rest of Qld,0.5569,0.5529,0.5961,0.3584,0.7969,0.5690,0.4729,0.5966,0.4915,0.6678,0.4033,M50,MC,MA,Townsville
311031318,Munruben - Park Ridge South,QLD,Metropolitan,1,2024,Logan - Beaudesert,Greater Brisbane,0.5519,0.5997,0.6271,0.6276,0.8715,0.3288,0.4103,0.5997,0.6074,0.5900,0.3715,M50,MC,MA,Logan
301031017,Murarrie,QLD,Metropolitan,1,2024,Brisbane - East,Greater Brisbane,0.7051,0.6325,0.7308,0.6005,0.8526,0.6205,0.3679,0.6180,0.7057,0.5016,0.6470,H75,HC,MA,Brisbane
314021389,Murrumba Downs - Griffin,QLD,Metropolitan,1,2024,Moreton Bay - South,Greater Brisbane,0.5256,0.4625,0.5164,0.5043,0.5485,0.6319,0.3576,0.6039,0.4732,0.5123,0.4590,L25,MC,LA,Moreton Bay
316071548,Nambour,QLD,Metropolitan,1,2024,Sunshine Coast,Rest of Qld,0.5641,0.5384,0.5893,0.4958,0.7043,0.3096,0.4351,0.5994,0.5833,0.5028,0.6764,M50,MC,MA,Sunshine Coast
319021509,Nanango,QLD,Inner regional,2,2024,Wide Bay,Rest of Qld,0.4133,0.4171,0.4329,0.4324,0.6454,0.3282,0.4091,0.5245,0.4875,0.3982,0.3158,L25,LC,LA,South Burnett
313041375,Narangba,QLD,Metropolitan,1,2024,Moreton Bay - North,Greater Brisbane,0.5481,0.5115,0.5623,0.5734,0.7839,0.2852,0.4229,0.6039,0.4833,0.5968,0.5056,M50,MC,MA,Moreton Bay
309061248,Nerang - Mount Nathan,QLD,Metropolitan,1,2024,Gold Coast,Rest of Qld,0.6434,0.5691,0.6519,0.5292,0.7638,0.5211,0.3951,0.6066,0.6512,0.4596,0.6468,M50,MC,MA,Gold Coast
305011109,New Farm,QLD,Metropolitan,1,2024,Brisbane Inner City,Greater Brisbane,0.5782,0.7515,0.7485,0.5421,0.6337,0.2950,0.4729,0.6180,0.8262,0.5424,0.7629,H75,MC,HA,Brisbane
305031127,Newmarket,QLD,Metropolitan,1,2024,Brisbane Inner City,Greater Brisbane,0.6644,0.6684,0.7341,0.5831,0.7013,0.4387,0.4668,0.6180,0.7391,0.5201,0.7791,H75,HC,HA,Brisbane
305031128,Newstead - Bowen Hills,QLD,Metropolitan,1,2024,Brisbane Inner City,Greater Brisbane,0.5007,0.7089,0.6805,0.5697,0.5028,0.2504,0.4696,0.6180,0.7487,0.5860,0.6363,M50,MC,HA,Brisbane
317011453,Newtown (Qld),QLD,Inner regional,2,2024,Toowoomba,Rest of Qld,0.4274,0.5514,0.5350,0.2759,0.6530,0.3642,0.4577,0.5966,0.6575,0.4132,0.3398,M50,LC,MA,Toowoomba
316051434,Noosa Heads,QLD,Metropolitan,1,2024,Sunshine Coast,Rest of Qld,0.6067,0.6746,0.7081,0.5663,0.7581,0.4202,0.4328,0.5957,0.6619,0.6561,0.5553,M50,MC,HA,Noosa
316081549,Noosa Hinterland,QLD,Metropolitan,1,2024,Sunshine Coast,Rest of Qld,0.6234,0.6379,0.6905,0.7062,0.8440,0.4500,0.4191,0.5128,0.6690,0.5712,0.5692,M50,MC,MA,Sunshine Coast; Noosa
316051435,Noosaville,QLD,Metropolitan,1,2024,Sunshine Coast,Rest of Qld,0.6833,0.6669,0.7433,0.5414,0.7769,0.6567,0.4340,0.5957,0.6425,0.6708,0.6451,H75,HC,HA,Noosa
308031213,Norman Gardens,QLD,Inner regional,2,2024,Fitzroy,Rest of Qld,0.6231,0.5300,0.6133,0.5037,0.6942,0.6946,0.4523,0.5935,0.5369,0.5558,0.5214,M50,MC,MA,Rockhampton
305021118,Norman Park,QLD,Metropolitan,1,2024,Brisbane Inner City,Greater Brisbane,0.5698,0.8218,0.7945,0.6669,0.7562,0.1937,0.4528,0.6180,0.7880,0.7468,0.6865,H75,MC,HA,Brisbane
318021486,Northern Beaches,QLD,Outer regional,3,2024,Townsville,Rest of Qld,0.4819,0.6856,0.6552,0.6501,0.8446,0.6333,0.4572,0.1285,0.7282,0.5727,0.2888,M50,MC,HA,Townsville
315021407,Northern Highlands,QLD,Very remote,5,2024,Queensland - Outback,Rest of Qld,0.4024,0.3565,0.3850,0.8157,0.4996,0.5170,0.4485,0.0998,0.4973,0.2562,0.3629,L25,LC,LA,McKinlay; Flinders (Qld); Richmond
315011399,Northern Peninsula,QLD,Very remote,5,2024,Queensland - Outback,Rest of Qld,0.1691,0.1410,0.1422,0.3555,0.2560,0.3572,0.4597,0.0396,0.2082,0.2107,0.1117,L25,LC,LA,Northern Peninsula Area
302031038,Northgate - Virginia,QLD,Metropolitan,1,2024,Brisbane - North,Greater Brisbane,0.6593,0.6324,0.7056,0.6111,0.8141,0.3585,0.4430,0.6180,0.7176,0.4821,0.7230,M50,MC,MA,Brisbane
310031292,North Ipswich - Tivoli,QLD,Metropolitan,1,2024,Ipswich,Greater Brisbane,0.5255,0.3918,0.4659,0.4753,0.7950,0.4382,0.4599,0.6058,0.4856,0.3484,0.3090,L25,MC,LA,Ipswich
314021579,North Lakes,QLD,Metropolitan,1,2024,Moreton Bay - South,Greater Brisbane,0.5786,0.4453,0.5301,0.4837,0.6537,0.6899,0.3569,0.6039,0.4259,0.5448,0.5163,M50,MC,LA,Moreton Bay
312021349,North Mackay,QLD,Inner regional,2,2024,Mackay,Rest of Qld,0.5439,0.4991,0.5514,0.4528,0.7550,0.3141,0.4322,0.5966,0.5542,0.4671,0.5432,M50,MC,MA,Mackay
301021550,North Stradbroke Island,QLD,Remote,4,2024,Brisbane - East,Greater Brisbane,0.5302,0.5666,0.5929,0.7163,0.7000,0.5987,0.3915,0.1302,0.5908,0.5486,0.6474,M50,MC,MA,Redland
317011454,North Toowoomba - Harlaxton,QLD,Inner regional,2,2024,Toowoomba,Rest of Qld,0.4460,0.5449,0.5385,0.3623,0.6770,0.3114,0.4577,0.5966,0.6362,0.4337,0.3432,M50,LC,MA,Toowoomba
302031039,Nudgee - Banyo,QLD,Metropolitan,1,2024,Brisbane - North,Greater Brisbane,0.6294,0.6327,0.6899,0.5857,0.8141,0.3144,0.4422,0.6180,0.6822,0.5399,0.6870,M50,MC,MA,Brisbane
302031040,Nundah,QLD,Metropolitan,1,2024,Brisbane - North,Greater Brisbane,0.5684,0.5471,0.5977,0.4958,0.6457,0.3312,0.4433,0.6180,0.6881,0.3544,0.6878,M50,MC,MA,Brisbane
318021487,Oonoonba,QLD,Outer regional,3,2024,Townsville,Rest of Qld,0.5220,0.5984,0.6117,0.5631,0.6216,0.6113,0.4706,0.5966,0.6668,0.4948,0.2991,M50,MC,MA,Townsville
312021350,Ooralea - Bakers Creek,QLD,Inner regional,2,2024,Mackay,Rest of Qld,0.6215,0.5125,0.6000,0.6088,0.7491,0.6516,0.4305,0.5966,0.5238,0.5397,0.4458,M50,MC,MA,Mackay
309071552,Ormeau (East) - Stapylton,QLD,Metropolitan,1,2024,Gold Coast,Rest of Qld,0.6274,0.6477,0.6996,0.5112,0.7592,0.7293,0.3940,0.6066,0.6696,0.5901,0.4895,M50,MC,HA,Gold Coast
309071553,Ormeau (West) - Yatala,QLD,Metropolitan,1,2024,Gold Coast,Rest of Qld,0.6645,0.6535,0.7235,0.6251,0.8221,0.7607,0.3940,0.6066,0.6730,0.5965,0.4596,H75,HC,HA,Gold Coast
301021008,Ormiston,QLD,Metropolitan,1,2024,Brisbane - East,Greater Brisbane,0.7061,0.6293,0.7291,0.6096,0.8673,0.5984,0.3762,0.5997,0.5619,0.7174,0.6641,H75,HC,MA,Redland
309071256,Oxenford - Maudsland,QLD,Metropolitan,1,2024,Gold Coast,Rest of Qld,0.6342,0.5897,0.6617,0.5693,0.7414,0.7096,0.3946,0.6066,0.6386,0.5215,0.5006,M50,MC,MA,Gold Coast
310011275,Oxley (Qld),QLD,Metropolitan,1,2024,Ipswich,Greater Brisbane,0.6561,0.5663,0.6567,0.5017,0.7201,0.5201,0.4545,0.6180,0.6211,0.5013,0.6875,M50,MC,MA,Brisbane
309061249,Pacific Pines - Gaven,QLD,Metropolitan,1,2024,Gold Coast,Rest of Qld,0.6196,0.5490,0.6250,0.5043,0.6839,0.8902,0.3953,0.6066,0.6379,0.4394,0.4571,M50,MC,MA,Gold Coast
305041135,Paddington - Milton,QLD,Metropolitan,1,2024,Brisbane Inner City,Greater Brisbane,0.6125,0.7553,0.7687,0.6153,0.6987,0.3051,0.4673,0.6180,0.7540,0.6703,0.7495,H75,MC,HA,Brisbane
303051074,Pallara - Willawong,QLD,Metropolitan,1,2024,Brisbane - South,Greater Brisbane,0.5419,0.6226,0.6385,0.5077,0.6539,0.7477,0.4166,0.6180,0.7621,0.3876,0.3115,M50,MC,MA,Brisbane
309021234,Palm Beach,QLD,Metropolitan,1,2024,Gold Coast,Rest of Qld,0.5232,0.6427,0.6439,0.5840,0.7417,0.2082,0.4076,0.6066,0.6914,0.5454,0.6041,M50,MC,MA,Gold Coast
318011466,Palm Island,QLD,Remote,4,2024,Townsville,Rest of Qld,0.1232,0.1427,0.1283,0.2180,0.2008,0.4496,0.4158,0.0213,0.1342,0.3114,0.0643,L25,LC,LA,Palm Island
316061444,Palmwoods,QLD,Metropolitan,1,2024,Sunshine Coast,Rest of Qld,0.7075,0.6911,0.7740,0.6898,0.8006,0.6133,0.4223,0.5994,0.6526,0.7033,0.6352,H75,HC,HA,Sunshine Coast
309031239,Paradise Point - Hollywell,QLD,Metropolitan,1,2024,Gold Coast,Rest of Qld,0.6112,0.6658,0.7041,0.6324,0.7869,0.4135,0.3992,0.6066,0.6846,0.6027,0.5366,M50,MC,HA,Gold Coast
308031214,Park Avenue,QLD,Inner regional,2,2024,Fitzroy,Rest of Qld,0.4927,0.4682,0.5050,0.4105,0.7200,0.2443,0.4531,0.5935,0.5145,0.4634,0.5257,L25,MC,LA,Rockhampton
308031215,Parkhurst - Kawana,QLD,Inner regional,2,2024,Fitzroy,Rest of Qld,0.5575,0.4405,0.5162,0.4686,0.7192,0.3958,0.4523,0.5935,0.5208,0.3969,0.4894,L25,MC,LA,Rockhampton
303051075,Parkinson - Drewvale,QLD,Metropolitan,1,2024,Brisbane - South,Greater Brisbane,0.6591,0.5584,0.6527,0.4647,0.7436,0.8492,0.4179,0.6180,0.6343,0.4647,0.5284,M50,MC,MA,Brisbane
309091265,Parkwood,QLD,Metropolitan,1,2024,Gold Coast,Rest of Qld,0.7010,0.5749,0.6874,0.5121,0.7443,1.0000,0.4163,0.6066,0.6957,0.3997,0.5782,M50,HC,MA,Gold Coast
316021423,Parrearra - Warana,QLD,Metropolitan,1,2024,Sunshine Coast,Rest of Qld,0.6824,0.6338,0.7192,0.5503,0.7933,0.5786,0.4402,0.5994,0.5841,0.6934,0.6388,H75,HC,MA,Sunshine Coast
316051543,Peregian Beach - Marcus Beach,QLD,Metropolitan,1,2024,Sunshine Coast,Rest of Qld,0.6478,0.6791,0.7328,0.6929,0.8006,0.4144,0.4314,0.5957,0.6811,0.6348,0.6064,H75,MC,HA,Noosa
316051544,Peregian Springs,QLD,Metropolitan,1,2024,Sunshine Coast,Rest of Qld,0.5730,0.5916,0.6317,0.5319,0.5805,0.7533,0.4316,0.5994,0.5795,0.6161,0.4410,M50,MC,MA,Sunshine Coast
314031393,Petrie,QLD,Metropolitan,1,2024,Moreton Bay - South,Greater Brisbane,0.6037,0.5357,0.6073,0.5945,0.7805,0.3789,0.3585,0.6039,0.5511,0.5460,0.6508,M50,MC,MA,Moreton Bay
319041518,Pialba - Eli Waters,QLD,Inner regional,2,2024,Wide Bay,Rest of Qld,0.4703,0.4170,0.4581,0.2732,0.5968,0.5855,0.4443,0.5520,0.4171,0.4999,0.4635,L25,LC,LA,Fraser Coast
309071554,Pimpama - North,QLD,Metropolitan,1,2024,Gold Coast,Rest of Qld,0.4665,0.5825,0.5746,0.4487,0.5554,0.5375,0.3937,0.6066,0.6972,0.4130,0.3281,M50,LC,MA,Gold Coast
309071555,Pimpama - South,QLD,Metropolitan,1,2024,Gold Coast,Rest of Qld,0.3087,0.6229,0.5371,0.3387,0.3342,0.2532,0.3937,0.6066,0.6657,0.5463,0.2881,M50,LC,MA,Gold Coast
304021091,Pinjarra Hills - Pullenvale,QLD,Metropolitan,1,2024,Brisbane - West,Greater Brisbane,0.7312,0.8707,0.9157,0.7941,0.8679,0.7770,0.2370,0.6180,0.7255,0.9424,0.6911,H75,HC,HA,Brisbane
312021351,Pioneer Valley,QLD,Outer regional,3,2024,Mackay,Rest of Qld,0.4132,0.6013,0.5644,0.7309,0.6254,0.4515,0.4354,0.1283,0.6614,0.5092,0.3786,M50,LC,MA,Mackay
307021182,Pittsworth,QLD,Inner regional,2,2024,Darling Downs - Maranoa,Rest of Qld,0.4754,0.4986,0.5187,0.6408,0.5908,0.3528,0.3553,0.5966,0.5108,0.5306,0.3638,L25,MC,MA,Toowoomba
319041519,Point Vernon,QLD,Inner regional,2,2024,Wide Bay,Rest of Qld,0.3812,0.4375,0.4338,0.3439,0.5243,0.2065,0.4426,0.5520,0.4526,0.4909,0.4730,L25,LC,LA,Fraser Coast
306041165,Port Douglas,QLD,Outer regional,3,2024,Cairns,Rest of Qld,0.4954,0.4603,0.5006,0.6164,0.5279,0.6816,0.3961,0.5499,0.5651,0.3701,0.3253,L25,MC,LA,Douglas
312031361,Proserpine,QLD,Outer regional,3,2024,Mackay,Rest of Qld,0.4988,0.5202,0.5449,0.6842,0.7698,0.5333,0.4358,0.1193,0.5760,0.4770,0.4804,M50,MC,MA,Whitsunday
310031293,Raceview,QLD,Metropolitan,1,2024,Ipswich,Greater Brisbane,0.5500,0.4444,0.5153,0.4836,0.7339,0.7163,0.4595,0.6058,0.5040,0.4300,0.2790,L25,MC,LA,Ipswich
317011455,Rangeville,QLD,Inner regional,2,2024,Toowoomba,Rest of Qld,0.5583,0.7217,0.7174,0.5016,0.6998,0.5211,0.4573,0.5966,0.6599,0.7526,0.4049,H75,MC,HA,Toowoomba
310041302,Redbank Plains,QLD,Metropolitan,1,2024,Ipswich,Greater Brisbane,0.3502,0.4109,0.4022,0.2363,0.4606,0.7301,0.4411,0.6058,0.5631,0.2695,0.1228,L25,LC,LA,Ipswich
313051379,Redcliffe,QLD,Metropolitan,1,2024,Moreton Bay - North,Greater Brisbane,0.4926,0.3537,0.4231,0.3551,0.6778,0.2578,0.4352,0.6039,0.4606,0.3057,0.6389,L25,MC,LA,Moreton Bay
305041136,Red Hill (Qld),QLD,Metropolitan,1,2024,Brisbane Inner City,Greater Brisbane,0.6469,0.7618,0.7913,0.6108,0.6865,0.3712,0.4673,0.6180,0.7903,0.6238,0.8103,H75,MC,HA,Brisbane
301021009,Redland Bay,QLD,Metropolitan,1,2024,Brisbane - East,Greater Brisbane,0.6291,0.5971,0.6644,0.6662,0.7063,0.6193,0.3739,0.5997,0.5846,0.6194,0.5462,M50,MC,MA,Redland
306011141,Redlynch,QLD,Outer regional,3,2024,Cairns,Rest of Qld,0.5611,0.5965,0.6294,0.6122,0.7413,0.7151,0.4514,0.5949,0.5760,0.6311,0.2550,M50,MC,MA,Cairns
309051245,Reedy Creek - Andrews,QLD,Metropolitan,1,2024,Gold Coast,Rest of Qld,0.6604,0.5590,0.6538,0.5858,0.7361,0.8702,0.3972,0.6066,0.5599,0.5800,0.4949,M50,MC,MA,Gold Coast
311031319,Regents Park - Heritage Park,QLD,Metropolitan,1,2024,Logan - Beaudesert,Greater Brisbane,0.5797,0.4329,0.5218,0.4345,0.7598,0.8544,0.4120,0.5997,0.4851,0.4344,0.3532,M50,MC,LA,Logan
310031294,Ripley,QLD,Metropolitan,1,2024,Ipswich,Greater Brisbane,0.3749,0.4597,0.4471,0.5346,0.4535,0.5651,0.4570,0.6058,0.5561,0.3828,0.0476,L25,LC,LA,Ipswich
304011083,Riverhills,QLD,Metropolitan,1,2024,Brisbane - West,Greater Brisbane,0.5581,0.5418,0.5888,0.5932,0.8306,0.3226,0.2379,0.6180,0.5389,0.5764,0.6639,M50,MC,MA,Brisbane
310031295,Riverview,QLD,Metropolitan,1,2024,Ipswich,Greater Brisbane,0.3215,0.3210,0.3265,0.1255,0.6504,0.3819,0.4564,0.6058,0.4673,0.2261,0.2008,L25,LC,LA,Ipswich
303041069,Robertson,QLD,Metropolitan,1,2024,Brisbane - South,Greater Brisbane,0.5767,0.7078,0.7165,0.3518,0.7430,0.5063,0.4423,0.6180,0.7703,0.5483,0.5354,H75,MC,HA,Brisbane
309081559,Robina - East,QLD,Metropolitan,1,2024,Gold Coast,Rest of Qld,0.6889,0.5697,0.6769,0.4961,0.7741,0.8859,0.4121,0.6066,0.6534,0.4574,0.5830,M50,HC,MA,Gold Coast
309081560,Robina - West,QLD,Metropolitan,1,2024,Gold Coast,Rest of Qld,0.5806,0.5602,0.6131,0.3724,0.6763,0.6817,0.4157,0.6066,0.6494,0.4441,0.5304,M50,MC,MA,Gold Coast
303031064,Rochedale - Burbank,QLD,Metropolitan,1,2024,Brisbane - South,Greater Brisbane,0.6046,0.7321,0.7480,0.4959,0.7378,0.7532,0.4338,0.6180,0.8031,0.5425,0.3969,H75,MC,HA,Brisbane
311061332,Rochedale South - Priestdale,QLD,Metropolitan,1,2024,Logan - Beaudesert,Greater Brisbane,0.5715,0.5589,0.6077,0.5814,0.7179,0.4002,0.4387,0.5997,0.6010,0.5174,0.4756,M50,MC,MA,Logan
308031217,Rockhampton City,QLD,Inner regional,2,2024,Fitzroy,Rest of Qld,0.4575,0.4215,0.4556,0.3164,0.6966,0.2708,0.4538,0.5935,0.5425,0.3241,0.4659,L25,LC,LA,Rockhampton
308031218,Rockhampton Surrounds - East,QLD,Inner regional,2,2024,Fitzroy,Rest of Qld,0.6279,0.5899,0.6586,0.8689,0.6933,0.4691,0.4454,0.5941,0.6179,0.5542,0.4824,M50,MC,MA,Livingstone
308031219,Rockhampton Surrounds - North,QLD,Outer regional,3,2024,Fitzroy,Rest of Qld,0.5382,0.5869,0.6113,0.8487,0.7519,0.6148,0.4473,0.1268,0.6315,0.5269,0.4765,M50,MC,MA,Livingstone
308031220,Rockhampton Surrounds - West,QLD,Inner regional,2,2024,Fitzroy,Rest of Qld,0.5067,0.6198,0.6198,0.9796,0.6214,0.1917,0.4468,0.5409,0.6323,0.5923,0.5023,M50,MC,MA,Rockhampton
308031216,Rockhampton - West,QLD,Inner regional,2,2024,Fitzroy,Rest of Qld,0.4656,0.5550,0.5545,0.4829,0.6674,0.1658,0.4547,0.5935,0.5631,0.5671,0.5670,M50,LC,MA,Rockhampton
303051076,Rocklea - Acacia Ridge,QLD,Metropolitan,1,2024,Brisbane - South,Greater Brisbane,0.5211,0.5094,0.5478,0.2861,0.7408,0.3910,0.4169,0.6180,0.7286,0.2061,0.5668,M50,MC,MA,Brisbane
307011176,Roma,QLD,Outer regional,3,2024,Darling Downs - Maranoa,Rest of Qld,0.5863,0.4496,0.5370,0.5756,0.6960,0.5529,0.3918,0.5687,0.4854,0.4683,0.5295,M50,MC,LA,Maranoa
307011177,Roma Surrounds,QLD,Remote,4,2024,Darling Downs - Maranoa,Rest of Qld,0.4559,0.4901,0.5038,0.8766,0.4583,0.5664,0.3883,0.1116,0.5400,0.4700,0.5814,L25,LC,MA,Maranoa
310021282,Rosewood,QLD,Metropolitan,1,2024,Ipswich,Greater Brisbane,0.4821,0.4604,0.4945,0.6396,0.7535,0.3454,0.4232,0.6058,0.5166,0.4442,0.2473,L25,MC,LA,Ipswich
313051380,Rothwell - Kippa-Ring,QLD,Metropolitan,1,2024,Moreton Bay - North,Greater Brisbane,0.5735,0.4023,0.4968,0.3227,0.7132,0.5855,0.4336,0.6039,0.4853,0.3707,0.5925,L25,MC,LA,Moreton Bay
309031240,Runaway Bay,QLD,Metropolitan,1,2024,Gold Coast,Rest of Qld,0.6367,0.6242,0.6877,0.4601,0.8251,0.5587,0.4000,0.6066,0.6385,0.5914,0.5869,M50,MC,MA,Gold Coast
303061078,Runcorn,QLD,Metropolitan,1,2024,Brisbane - South,Greater Brisbane,0.5992,0.4802,0.5654,0.3831,0.6972,0.6559,0.4237,0.6180,0.6670,0.2484,0.5527,M50,MC,MA,Brisbane
303041070,Salisbury - Nathan,QLD,Metropolitan,1,2024,Brisbane - South,Greater Brisbane,0.6731,0.6190,0.7035,0.5480,0.8581,0.3766,0.4406,0.6180,0.7095,0.4678,0.7609,M50,HC,MA,Brisbane
314011387,Samford Valley,QLD,Metropolitan,1,2024,Moreton Bay - South,Greater Brisbane,0.7203,0.7643,0.8335,0.8585,0.9039,0.5865,0.3475,0.6039,0.6218,0.8938,0.5768,H75,HC,HA,Moreton Bay
302041044,Sandgate - Shorncliffe,QLD,Metropolitan,1,2024,Brisbane - North,Greater Brisbane,0.6422,0.5951,0.6698,0.5975,0.8165,0.2842,0.4389,0.6180,0.6513,0.5126,0.8198,M50,MC,MA,Brisbane
312021352,Sarina,QLD,Outer regional,3,2024,Mackay,Rest of Qld,0.4818,0.5418,0.5525,0.6530,0.6727,0.6376,0.4397,0.1770,0.6072,0.4729,0.4455,M50,MC,MA,Mackay
313051575,Scarborough - Newport,QLD,Metropolitan,1,2024,Moreton Bay - North,Greater Brisbane,0.6141,0.5172,0.5995,0.5683,0.6966,0.4595,0.4346,0.6039,0.5434,0.5202,0.5968,M50,MC,MA,Moreton Bay
312021353,Seaforth - Calen,QLD,Outer regional,3,2024,Mackay,Rest of Qld,0.5014,0.5898,0.5958,0.8494,0.7572,0.4255,0.4358,0.1511,0.6450,0.5116,0.4831,M50,MC,MA,Mackay
304011084,Seventeen Mile Rocks - Sinnamon Park,QLD,Metropolitan,1,2024,Brisbane - West,Greater Brisbane,0.7244,0.7402,0.8186,0.5942,0.8979,0.8451,0.2396,0.6180,0.7176,0.6989,0.7323,H75,HC,HA,Brisbane
311051327,Shailer Park,QLD,Metropolitan,1,2024,Logan - Beaudesert,Greater Brisbane,0.6666,0.5836,0.6747,0.6371,0.8628,0.6321,0.4449,0.5997,0.5739,0.6084,0.4384,M50,HC,MA,Logan
301021011,Sheldon - Mount Cotton,QLD,Metropolitan,1,2024,Brisbane - East,Greater Brisbane,0.6564,0.6647,0.7272,0.7620,0.8391,0.4677,0.3743,0.5997,0.5683,0.7779,0.5628,H75,MC,HA,Redland
304031095,Sherwood,QLD,Metropolitan,1,2024,Brisbane - West,Greater Brisbane,0.5383,0.7572,0.7330,0.5424,0.7693,0.3122,0.2416,0.6180,0.7478,0.6843,0.7298,H75,MC,HA,Brisbane
312021354,Shoal Point - Bucasia,QLD,Inner regional,2,2024,Mackay,Rest of Qld,0.5930,0.5598,0.6191,0.6343,0.6769,0.6293,0.4288,0.5966,0.6050,0.5131,0.4219,M50,MC,MA,Mackay
316011416,Sippy Downs,QLD,Metropolitan,1,2024,Sunshine Coast,Rest of Qld,0.6200,0.5918,0.6558,0.4174,0.6529,0.6955,0.4341,0.5994,0.6162,0.5606,0.6712,M50,MC,MA,Sunshine Coast
311061333,Slacks Creek,QLD,Metropolitan,1,2024,Logan - Beaudesert,Greater Brisbane,0.4706,0.5067,0.5223,0.2627,0.7464,0.4308,0.4395,0.5997,0.6619,0.3130,0.3853,M50,LC,MA,Logan
312021355,Slade Point,QLD,Inner regional,2,2024,Mackay,Rest of Qld,0.5843,0.4854,0.5616,0.4762,0.8027,0.4199,0.4293,0.5966,0.5296,0.4759,0.5010,M50,MC,MA,Mackay
305011110,South Brisbane,QLD,Metropolitan,1,2024,Brisbane Inner City,Greater Brisbane,0.4220,0.5944,0.5633,0.3459,0.4979,0.2178,0.4729,0.6180,0.7483,0.3526,0.5565,M50,LC,MA,Brisbane
307031185,Southern Downs - East,QLD,Inner regional,2,2024,Darling Downs - Maranoa,Rest of Qld,0.3605,0.5255,0.4882,0.7540,0.5762,0.3674,0.3869,0.0955,0.5294,0.5577,0.3468,L25,LC,MA,Southern Downs
307031186,Southern Downs - West,QLD,Inner regional,2,2024,Darling Downs - Maranoa,Rest of Qld,0.4367,0.5235,0.5191,0.6748,0.5190,0.3308,0.3805,0.5434,0.5319,0.5501,0.3483,L25,LC,MA,Southern Downs; Toowoomba
301021551,Southern Moreton Bay Islands,QLD,Inner regional,2,2024,Brisbane - East,Greater Brisbane,0.3669,0.4086,0.4073,0.2979,0.5280,0.1780,0.3463,0.5997,0.5618,0.2665,0.5459,L25,LC,LA,Redland
312021356,South Mackay,QLD,Inner regional,2,2024,Mackay,Rest of Qld,0.5700,0.4656,0.5403,0.4702,0.7694,0.3707,0.4312,0.5966,0.5516,0.4018,0.5381,M50,MC,LA,Mackay
309091540,Southport - North,QLD,Metropolitan,1,2024,Gold Coast,Rest of Qld,0.3963,0.5687,0.5339,0.2450,0.4856,0.2754,0.4211,0.6066,0.6387,0.4787,0.5439,M50,LC,MA,Gold Coast
309091541,Southport - South,QLD,Metropolitan,1,2024,Gold Coast,Rest of Qld,0.5109,0.6423,0.6378,0.3430,0.6398,0.3652,0.4211,0.6066,0.7303,0.4814,0.5662,M50,MC,MA,Gold Coast
318021488,South Townsville - Railway Estate,QLD,Outer regional,3,2024,Townsville,Rest of Qld,0.5748,0.5664,0.6146,0.5463,0.7677,0.5255,0.4717,0.5966,0.6502,0.4557,0.3621,M50,MC,MA,Townsville
310041303,Springfield,QLD,Metropolitan,1,2024,Ipswich,Greater Brisbane,0.5215,0.4359,0.4955,0.4626,0.7373,0.8036,0.4414,0.6058,0.4689,0.4642,0.1889,L25,MC,LA,Ipswich
310041304,Springfield Lakes,QLD,Metropolitan,1,2024,Ipswich,Greater Brisbane,0.4190,0.4431,0.4540,0.4537,0.5201,0.7521,0.4408,0.6058,0.5260,0.3943,0.1008,L25,LC,LA,Ipswich
305011111,Spring Hill,QLD,Metropolitan,1,2024,Brisbane Inner City,Greater Brisbane,0.5509,0.6385,0.6543,0.4358,0.5671,0.3975,0.4773,0.6180,0.7687,0.4093,0.6468,M50,MC,MA,Brisbane
311061334,Springwood,QLD,Metropolitan,1,2024,Logan - Beaudesert,Greater Brisbane,0.5949,0.4817,0.5642,0.4970,0.8435,0.4449,0.4392,0.5997,0.5178,0.4858,0.4617,M50,MC,MA,Logan
302021032,Stafford,QLD,Metropolitan,1,2024,Brisbane - North,Greater Brisbane,0.5555,0.5816,0.6159,0.5304,0.7183,0.2327,0.4557,0.6180,0.7181,0.3765,0.6972,M50,MC,MA,Brisbane
302021033,Stafford Heights,QLD,Metropolitan,1,2024,Brisbane - North,Greater Brisbane,0.5701,0.6061,0.6406,0.5845,0.7205,0.2185,0.4573,0.6180,0.6553,0.5285,0.7497,M50,MC,MA,Brisbane
307031187,Stanthorpe,QLD,Outer regional,3,2024,Darling Downs - Maranoa,Rest of Qld,0.4721,0.4244,0.4642,0.3923,0.6603,0.5004,0.4022,0.5420,0.4735,0.4340,0.3747,L25,LC,LA,Southern Downs
307031188,Stanthorpe Surrounds,QLD,Inner regional,2,2024,Darling Downs - Maranoa,Rest of Qld,0.3686,0.5053,0.4771,0.7273,0.5858,0.4569,0.3989,0.0955,0.5362,0.5068,0.3113,L25,LC,MA,Southern Downs
304031096,St Lucia,QLD,Metropolitan,1,2024,Brisbane - West,Greater Brisbane,0.4556,0.6436,0.6133,0.3951,0.5712,0.3139,0.2423,0.6180,0.6500,0.6125,0.7027,M50,LC,MA,Brisbane
314031394,Strathpine - Brendale,QLD,Metropolitan,1,2024,Moreton Bay - South,Greater Brisbane,0.5597,0.5045,0.5629,0.4030,0.7604,0.4213,0.3602,0.6039,0.5975,0.4114,0.5928,M50,MC,MA,Moreton Bay
303061079,Sunnybank,QLD,Metropolitan,1,2024,Brisbane - South,Greater Brisbane,0.5147,0.5230,0.5544,0.2882,0.6497,0.4946,0.4257,0.6180,0.6825,0.3132,0.5246,M50,MC,MA,Brisbane
303061080,Sunnybank Hills,QLD,Metropolitan,1,2024,Brisbane - South,Greater Brisbane,0.5980,0.5175,0.5914,0.3530,0.7131,0.6994,0.4237,0.6180,0.7137,0.2490,0.5477,M50,MC,MA,Brisbane
316051437,Sunshine Beach,QLD,Metropolitan,1,2024,Sunshine Coast,Rest of Qld,0.6740,0.6681,0.7391,0.6516,0.7792,0.6159,0.4323,0.5957,0.7263,0.5405,0.5643,H75,HC,HA,Noosa
309101561,Surfers Paradise - North,QLD,Metropolitan,1,2024,Gold Coast,Rest of Qld,0.4302,0.6619,0.6151,0.4180,0.6248,0.1935,0.4086,0.6066,0.6750,0.6101,0.4714,M50,LC,HA,Gold Coast
309101562,Surfers Paradise - South,QLD,Metropolitan,1,2024,Gold Coast,Rest of Qld,0.4354,0.6610,0.6167,0.3968,0.5744,0.2344,0.4092,0.6066,0.6707,0.6151,0.4844,M50,LC,HA,Gold Coast
319011501,Svensson Heights - Norville,QLD,Inner regional,2,2024,Wide Bay,Rest of Qld,0.4804,0.4281,0.4707,0.3327,0.6752,0.3248,0.4411,0.5580,0.4983,0.4050,0.5505,L25,MC,LA,Bundaberg
315011400,Tablelands,QLD,Remote,4,2024,Queensland - Outback,Rest of Qld,0.4184,0.3105,0.3590,0.6871,0.5508,0.6080,0.4466,0.0922,0.4752,0.1914,0.3837,L25,LC,LA,Mareeba
302041045,Taigum - Fitzgibbon,QLD,Metropolitan,1,2024,Brisbane - North,Greater Brisbane,0.5751,0.5158,0.5787,0.3634,0.6013,0.6178,0.4398,0.6180,0.6309,0.3822,0.6257,M50,MC,MA,Brisbane
309041242,Tamborine - Canungra,QLD,Metropolitan,1,2024,Gold Coast,Rest of Qld,0.5250,0.6435,0.6454,0.7316,0.8216,0.5143,0.3943,0.1257,0.6505,0.6116,0.5430,M50,MC,MA,Scenic Rim
307011178,Tara,QLD,Outer regional,3,2024,Darling Downs - Maranoa,Rest of Qld,0.2880,0.3920,0.3641,0.5280,0.3808,0.4895,0.3861,0.1116,0.5007,0.3261,0.2801,L25,LC,LA,Western Downs; Goondiwindi
304031097,Taringa,QLD,Metropolitan,1,2024,Brisbane - West,Greater Brisbane,0.4963,0.6751,0.6543,0.4725,0.5853,0.3661,0.2427,0.6180,0.7439,0.5257,0.7425,M50,MC,HA,Brisbane
303041071,Tarragindi,QLD,Metropolitan,1,2024,Brisbane - South,Greater Brisbane,0.5831,0.8049,0.7891,0.6824,0.8024,0.1799,0.4411,0.6180,0.7456,0.7821,0.7145,H75,MC,HA,Brisbane
308051538,Telina - Toolooa,QLD,Inner regional,2,2024,Fitzroy,Rest of Qld,0.5723,0.4210,0.5096,0.5136,0.6247,0.6533,0.4435,0.5949,0.4505,0.4603,0.4547,L25,MC,LA,Gladstone
316051438,Tewantin,QLD,Metropolitan,1,2024,Sunshine Coast,Rest of Qld,0.6334,0.6247,0.6863,0.4589,0.7384,0.5352,0.4337,0.5957,0.6592,0.5602,0.6721,M50,MC,MA,Noosa
304041103,The Gap,QLD,Metropolitan,1,2024,Brisbane - West,Greater Brisbane,0.6384,0.7768,0.7976,0.6872,0.7956,0.5201,0.2407,0.6180,0.6794,0.8309,0.7318,H75,MC,HA,Brisbane
314011386,The Hills District,QLD,Metropolitan,1,2024,Moreton Bay - South,Greater Brisbane,0.6427,0.6274,0.6932,0.7101,0.8083,0.4069,0.3541,0.6039,0.5402,0.7453,0.6726,M50,MC,MA,Moreton Bay
308031222,The Range - Allenstown,QLD,Inner regional,2,2024,Fitzroy,Rest of Qld,0.5119,0.5465,0.5699,0.4816,0.6740,0.2530,0.4554,0.5935,0.5360,0.5903,0.5835,M50,MC,MA,Rockhampton
301011005,Thorneside,QLD,Metropolitan,1,2024,Brisbane - East,Greater Brisbane,0.5342,0.4266,0.4948,0.5855,0.7553,0.2375,0.3654,0.5997,0.5035,0.3939,0.6444,L25,MC,LA,Redland
301021012,Thornlands,QLD,Metropolitan,1,2024,Brisbane - East,Greater Brisbane,0.5857,0.6038,0.6468,0.6188,0.6760,0.4906,0.3762,0.5997,0.5603,0.6690,0.5372,M50,MC,MA,Redland
319051526,Tinana,QLD,Inner regional,2,2024,Wide Bay,Rest of Qld,0.6332,0.4325,0.5489,0.5559,0.7810,0.6641,0.4367,0.5520,0.4283,0.5155,0.5257,M50,MC,LA,Fraser Coast
301031018,Tingalpa,QLD,Metropolitan,1,2024,Brisbane - East,Greater Brisbane,0.6819,0.6488,0.7296,0.5949,0.9039,0.4575,0.3673,0.6180,0.6997,0.5444,0.6747,H75,HC,HA,Brisbane
305041137,Toowong,QLD,Metropolitan,1,2024,Brisbane Inner City,Greater Brisbane,0.5692,0.6890,0.6994,0.4913,0.6580,0.2998,0.4680,0.6180,0.7611,0.5254,0.7261,M50,MC,HA,Brisbane
317011456,Toowoomba - Central,QLD,Inner regional,2,2024,Toowoomba,Rest of Qld,0.4671,0.5883,0.5790,0.3895,0.7084,0.2894,0.4573,0.5966,0.6311,0.5304,0.3827,M50,LC,MA,Toowoomba
317011457,Toowoomba - East,QLD,Inner regional,2,2024,Toowoomba,Rest of Qld,0.5318,0.7309,0.7111,0.5848,0.7210,0.3334,0.4582,0.5966,0.6582,0.7734,0.4106,H75,MC,HA,Toowoomba
317011458,Toowoomba - West,QLD,Inner regional,2,2024,Toowoomba,Rest of Qld,0.5571,0.6660,0.6770,0.5368,0.7384,0.6166,0.4541,0.5966,0.6757,0.6173,0.3204,M50,MC,HA,Toowoomba
319041520,Torquay - Scarness - Kawungan,QLD,Inner regional,2,2024,Wide Bay,Rest of Qld,0.4539,0.3968,0.4363,0.2737,0.5949,0.4391,0.4438,0.5520,0.4392,0.4269,0.4941,L25,LC,LA,Fraser Coast
315011401,Torres,QLD,Very remote,5,2024,Queensland - Outback,Rest of Qld,0.2617,0.3234,0.3053,0.4799,0.3522,0.4225,0.4594,0.0621,0.4537,0.2518,0.2391,L25,LC,LA,Torres
315011402,Torres Strait Islands,QLD,Very remote,5,2024,Queensland - Outback,Rest of Qld,0.1816,0.2590,0.2307,0.3413,0.1753,0.4398,0.4456,0.0237,0.3857,0.2149,0.1802,L25,LC,LA,Torres Strait Island
318021490,Townsville City - North Ward,QLD,Outer regional,3,2024,Townsville,Rest of Qld,0.5650,0.6094,0.6404,0.5780,0.6924,0.5521,0.4713,0.5966,0.6094,0.6064,0.3727,M50,MC,MA,Townsville
318021489,Townsville - South,QLD,Outer regional,3,2024,Townsville,Rest of Qld,0.5021,0.7296,0.6960,0.8435,0.8097,0.6256,0.4579,0.1281,0.7380,0.6451,0.3023,M50,MC,HA,Townsville; Burdekin
306011142,Trinity Beach - Smithfield,QLD,Outer regional,3,2024,Cairns,Rest of Qld,0.5206,0.5631,0.5858,0.5451,0.6467,0.7267,0.4512,0.5949,0.5866,0.5480,0.2540,M50,MC,MA,Cairns
306031161,Tully,QLD,Outer regional,3,2024,Cairns,Rest of Qld,0.3849,0.5561,0.5201,0.5858,0.5603,0.5441,0.4455,0.0835,0.6181,0.4853,0.3649,L25,LC,MA,Cassowary Coast
311061335,Underwood,QLD,Metropolitan,1,2024,Logan - Beaudesert,Greater Brisbane,0.5664,0.5516,0.5999,0.4932,0.8083,0.5527,0.4389,0.5997,0.6799,0.3771,0.3508,M50,MC,MA,Logan
313041376,Upper Caboolture,QLD,Metropolitan,1,2024,Moreton Bay - North,Greater Brisbane,0.5597,0.5375,0.5865,0.7450,0.7932,0.2451,0.4221,0.6039,0.5814,0.5038,0.5101,M50,MC,MA,Moreton Bay
309071557,Upper Coomera - North,QLD,Metropolitan,1,2024,Gold Coast,Rest of Qld,0.5755,0.6478,0.6731,0.4534,0.6707,0.7807,0.3946,0.6066,0.6646,0.5981,0.4193,M50,MC,HA,Gold Coast
309071556,Upper Coomera (South) - Wongawallan,QLD,Metropolitan,1,2024,Gold Coast,Rest of Qld,0.5777,0.6687,0.6892,0.5998,0.6857,0.6601,0.3939,0.6066,0.6939,0.5939,0.3921,M50,MC,HA,Gold Coast
304041104,Upper Kedron - Ferny Grove,QLD,Metropolitan,1,2024,Brisbane - West,Greater Brisbane,0.6069,0.6805,0.7124,0.6758,0.6740,0.6916,0.2407,0.6180,0.6317,0.7143,0.6332,H75,MC,HA,Brisbane
303031065,Upper Mount Gravatt,QLD,Metropolitan,1,2024,Brisbane - South,Greater Brisbane,0.5129,0.5504,0.5731,0.3496,0.7191,0.2697,0.4367,0.6180,0.6829,0.3698,0.6393,M50,MC,MA,Brisbane
319041521,Urangan - Wondunna,QLD,Inner regional,2,2024,Wide Bay,Rest of Qld,0.5215,0.4493,0.5050,0.4286,0.6586,0.5330,0.4424,0.5520,0.4812,0.4736,0.4430,L25,MC,LA,Fraser Coast
309081262,Varsity Lakes,QLD,Metropolitan,1,2024,Gold Coast,Rest of Qld,0.5961,0.5444,0.6097,0.4034,0.6888,0.6787,0.4121,0.6066,0.7125,0.3082,0.5371,M50,MC,MA,Gold Coast
301021013,Victoria Point,QLD,Metropolitan,1,2024,Brisbane - East,Greater Brisbane,0.6863,0.5416,0.6555,0.5139,0.8142,0.7004,0.3749,0.5997,0.5330,0.5848,0.6937,M50,HC,MA,Redland
310011276,Wacol,QLD,Metropolitan,1,2024,Ipswich,Greater Brisbane,0.4867,0.4282,0.4736,0.3052,0.5930,0.4825,0.4529,0.6180,0.6086,0.2334,0.4233,L25,MC,LA,Brisbane
301031019,Wakerley,QLD,Metropolitan,1,2024,Brisbane - East,Greater Brisbane,0.6990,0.7878,0.8383,0.6512,0.8173,0.8915,0.3670,0.6180,0.7061,0.8111,0.5023,H75,HC,HA,Brisbane
312021357,Walkerston - Eton,QLD,Inner regional,2,2024,Mackay,Rest of Qld,0.4971,0.5662,0.5770,0.7541,0.7696,0.4334,0.4327,0.2716,0.6158,0.5094,0.4434,M50,MC,MA,Mackay
319011502,Walkervale - Avenell Heights,QLD,Inner regional,2,2024,Wide Bay,Rest of Qld,0.5121,0.4607,0.5087,0.3134,0.6789,0.4841,0.4400,0.5580,0.5391,0.4109,0.5390,L25,MC,LA,Bundaberg
307021183,Wambo,QLD,Inner regional,2,2024,Darling Downs - Maranoa,Rest of Qld,0.3413,0.5082,0.4680,0.5957,0.6214,0.2633,0.3613,0.2549,0.5144,0.5448,0.3667,L25,LC,MA,Toowoomba; Western Downs
313021369,Wamuran,QLD,Metropolitan,1,2024,Moreton Bay - North,Greater Brisbane,0.6471,0.5701,0.6546,0.6996,0.8166,0.4142,0.4290,0.6039,0.5670,0.5917,0.5691,M50,MC,MA,Moreton Bay
307031189,Warwick,QLD,Inner regional,2,2024,Darling Downs - Maranoa,Rest of Qld,0.4584,0.4801,0.4977,0.4308,0.6970,0.3697,0.3831,0.5420,0.4883,0.5261,0.3750,L25,LC,MA,Southern Downs
311051328,Waterford West,QLD,Metropolitan,1,2024,Logan - Beaudesert,Greater Brisbane,0.4802,0.4000,0.4505,0.2521,0.6644,0.6365,0.4437,0.5997,0.5443,0.2758,0.3825,L25,MC,LA,Logan
302021034,Wavell Heights,QLD,Metropolitan,1,2024,Brisbane - North,Greater Brisbane,0.6234,0.7230,0.7513,0.6780,0.7344,0.3098,0.4557,0.6180,0.7285,0.6473,0.6969,H75,MC,HA,Brisbane
315011403,Weipa,QLD,Very remote,5,2024,Queensland - Outback,Rest of Qld,0.4995,0.3582,0.4296,0.6970,0.3780,0.7751,0.4605,0.5830,0.4644,0.3096,0.2945,L25,MC,LA,Cook; Weipa
301011006,Wellington Point,QLD,Metropolitan,1,2024,Brisbane - East,Greater Brisbane,0.7079,0.5465,0.6710,0.6903,0.8145,0.6776,0.3665,0.5997,0.4860,0.6630,0.6473,M50,HC,MA,Redland
306021154,Westcourt - Bungalow,QLD,Outer regional,3,2024,Cairns,Rest of Qld,0.4197,0.5223,0.5108,0.2545,0.6554,0.5382,0.4730,0.5949,0.6336,0.3912,0.2532,L25,LC,MA,Cairns
305011112,West End,QLD,Metropolitan,1,2024,Brisbane Inner City,Greater Brisbane,0.4796,0.6648,0.6393,0.4702,0.5606,0.1988,0.4694,0.6180,0.7933,0.4216,0.6694,M50,MC,HA,Brisbane
308051539,West Gladstone,QLD,Inner regional,2,2024,Fitzroy,Rest of Qld,0.5004,0.3286,0.4089,0.3707,0.7417,0.2927,0.4460,0.5949,0.3645,0.3923,0.4990,L25,MC,LA,Gladstone
304011085,Westlake,QLD,Metropolitan,1,2024,Brisbane - West,Greater Brisbane,0.7052,0.7887,0.8424,0.6920,0.8685,0.8349,0.2377,0.6180,0.7399,0.7594,0.6431,H75,HC,HA,Brisbane
312021358,West Mackay,QLD,Inner regional,2,2024,Mackay,Rest of Qld,0.5787,0.5075,0.5745,0.5477,0.7325,0.3597,0.4322,0.5966,0.5157,0.5414,0.5727,M50,MC,MA,Mackay
306021155,White Rock,QLD,Outer regional,3,2024,Cairns,Rest of Qld,0.3970,0.5225,0.5012,0.3242,0.5538,0.4834,0.4675,0.5949,0.6526,0.3611,0.2153,L25,LC,MA,Cairns
306021156,Whitfield - Edge Hill,QLD,Outer regional,3,2024,Cairns,Rest of Qld,0.5517,0.6219,0.6429,0.5366,0.6781,0.6847,0.4704,0.5949,0.6350,0.5922,0.3196,M50,MC,MA,Cairns
309071558,Willow Vale - Pimpama (West),QLD,Metropolitan,1,2024,Gold Coast,Rest of Qld,0.5126,0.7390,0.7077,0.4595,0.5527,0.6724,0.3943,0.6066,0.7852,0.5865,0.3856,M50,MC,HA,Gold Coast
317011459,Wilsonton,QLD,Inner regional,2,2024,Toowoomba,Rest of Qld,0.4363,0.5736,0.5547,0.2439,0.6863,0.4500,0.4582,0.5966,0.6043,0.5421,0.3296,M50,LC,MA,Toowoomba
305031129,Wilston,QLD,Metropolitan,1,2024,Brisbane Inner City,Greater Brisbane,0.6614,0.8524,0.8639,0.6634,0.6888,0.3995,0.4668,0.6180,0.7954,0.7951,0.7738,H75,HC,HA,Brisbane
305031130,Windsor,QLD,Metropolitan,1,2024,Brisbane Inner City,Greater Brisbane,0.5871,0.6684,0.6937,0.5822,0.6302,0.3107,0.4681,0.6180,0.7613,0.4832,0.7409,M50,MC,HA,Brisbane
303031066,Wishart,QLD,Metropolitan,1,2024,Brisbane - South,Greater Brisbane,0.6294,0.6247,0.6842,0.4472,0.7644,0.4516,0.4355,0.6180,0.6824,0.5233,0.6630,M50,MC,MA,Brisbane
311021310,Wolffdene - Bahrs Scrub,QLD,Metropolitan,1,2024,Logan - Beaudesert,Greater Brisbane,0.5201,0.5650,0.5869,0.5672,0.6224,0.6258,0.4244,0.5997,0.6134,0.5106,0.3112,M50,MC,MA,Logan
313031371,Woodford - D'Aguilar,QLD,Metropolitan,1,2024,Moreton Bay - North,Greater Brisbane,0.6133,0.4867,0.5773,0.7079,0.7558,0.3981,0.4151,0.6039,0.5451,0.4552,0.5337,M50,MC,MA,Moreton Bay
311061336,Woodridge,QLD,Metropolitan,1,2024,Logan - Beaudesert,Greater Brisbane,0.3301,0.3491,0.3499,0.0796,0.5354,0.4767,0.4385,0.5997,0.5761,0.1144,0.3406,L25,LC,LA,Logan
303021058,Woolloongabba,QLD,Metropolitan,1,2024,Brisbane - South,Greater Brisbane,0.4625,0.5205,0.5284,0.4348,0.4989,0.2138,0.4504,0.6180,0.6761,0.3185,0.6988,M50,LC,MA,Brisbane
305031131,Wooloowin - Lutwyche,QLD,Metropolitan,1,2024,Brisbane Inner City,Greater Brisbane,0.5752,0.6435,0.6699,0.5492,0.5466,0.3834,0.4657,0.6180,0.7288,0.4863,0.7293,M50,MC,MA,Brisbane
306021157,Woree,QLD,Outer regional,3,2024,Cairns,Rest of Qld,0.4721,0.4476,0.4808,0.3164,0.6461,0.7905,0.4688,0.5949,0.6450,0.2152,0.2345,L25,LC,LA,Cairns
309061250,Worongary - Tallai,QLD,Metropolitan,1,2024,Gold Coast,Rest of Qld,0.6809,0.6452,0.7265,0.6654,0.8155,0.5615,0.3960,0.6066,0.6404,0.6307,0.6009,H75,HC,MA,Gold Coast
318021491,Wulguru - Roseneath,QLD,Outer regional,3,2024,Townsville,Rest of Qld,0.5851,0.5517,0.6093,0.5528,0.8301,0.5114,0.4693,0.5966,0.5933,0.5147,0.3534,M50,MC,MA,Townsville
316021424,Wurtulla - Birtinya,QLD,Metropolitan,1,2024,Sunshine Coast,Rest of Qld,0.5812,0.5898,0.6345,0.5202,0.5893,0.5199,0.4402,0.5994,0.5614,0.6395,0.5919,M50,MC,MA,Sunshine Coast
301031020,Wynnum,QLD,Metropolitan,1,2024,Brisbane - East,Greater Brisbane,0.6064,0.6195,0.6686,0.6216,0.7741,0.3104,0.3665,0.6180,0.7033,0.4790,0.7328,M50,MC,MA,Brisbane
301031021,Wynnum West - Hemmant,QLD,Metropolitan,1,2024,Brisbane - East,Greater Brisbane,0.6320,0.5909,0.6614,0.5336,0.8193,0.4275,0.3667,0.6180,0.6737,0.4684,0.6634,M50,MC,MA,Brisbane
306031163,Yarrabah,QLD,Outer regional,3,2024,Cairns,Rest of Qld,0.1585,0.3195,0.2662,0.2830,0.0695,0.7150,0.4415,0.0263,0.3460,0.3991,0.0233,L25,LC,LA,Yarrabah
311041571,Yarrabilba,QLD,Metropolitan,1,2024,Logan - Beaudesert,Greater Brisbane,0.2241,0.5439,0.4490,0.2745,0.4349,0.1122,0.3863,0.5997,0.6018,0.4855,0.1679,L25,LC,MA,Logan
308031223,Yeppoon,QLD,Inner regional,2,2024,Fitzroy,Rest of Qld,0.5913,0.5857,0.6367,0.6361,0.7003,0.4590,0.4531,0.5941,0.5728,0.6143,0.4764,M50,MC,MA,Livingstone
303021059,Yeronga,QLD,Metropolitan,1,2024,Brisbane - South,Greater Brisbane,0.6424,0.6693,0.7229,0.5805,0.7296,0.3724,0.4445,0.6180,0.7188,0.5549,0.7753,H75,MC,HA,Brisbane
306011143,Yorkeys Knob - Machans Beach,QLD,Outer regional,3,2024,Cairns,Rest of Qld,0.5213,0.5620,0.5854,0.4624,0.6506,0.7377,0.4516,0.5949,0.6838,0.3924,0.2904,M50,MC,MA,Cairns
302041046,Zillmere,QLD,Metropolitan,1,2024,Brisbane - North,Greater Brisbane,0.4507,0.4715,0.4882,0.3520,0.6212,0.1958,0.4408,0.6180,0.6624,0.2373,0.6075,L25,LC,LA,Brisbane
