short_name,council_name,abs_lga_name,abs_lga_code,stratum,is_local_government,is_indigenous_council,website,population_latest,population_latest_year,population_10yr_prior,census2021_total_persons,census2021_indigenous_persons,seifa_irsd_score,seifa_irsd_decile_aus,seifa_irsd_percentile_aus,seifa_irsd_decile_state,seifa_irsad_score,seifa_irsad_decile_aus,seifa_ier_score,seifa_ieo_score,median_age,median_personal_income_weekly,median_household_income_weekly,avg_household_size,avg_persons_per_bedroom,median_family_income_weekly,median_rent_weekly,median_mortgage_monthly,staff_data_year,staff_fte_indoor,staff_fte_outdoor,staff_fte_total,finance_data_year,total_operating_income_k,net_rates_and_utility_charges_k,employee_expenses_k,water_sewer_data_year,water_connections_total,water_connections_residential,sewerage_connections_total,adri_andri,adri_coping_capacity,adri_adaptive_capacity,adri_information_access,mean_remoteness_score,indigenous_share_pct,is_water_service_provider,above_soci_water_threshold,own_source_revenue_share,staff_per_1000_residents
Aurukun,Aurukun Shire Council,Aurukun,30250,indigenous,True,True,https://www.aurukun.qld.gov.au,1165,2025,1321,1101,977,501,1,2,1,700,1,546,833,29,331,1069,3.9,1.2,785,125,0,2015_16,40,42,82,2015_16,19343,726,6422,2015_16,413,397,413,0.0,0.0369,0.0,0.0091,5.0,88.7,True,False,0.038,70.39
Balonne,Balonne Regional Council,Balonne,30300,remote,True,False,https://www.balonne.qld.gov.au,4350,2025,4610,4320,884,943,3,26,5,929,4,942,929,40,780,1358,2.4,0.8,1704,200,1169,2015_16,32,53,85,2015_16,20356,9311,5906,2015_16,1664,1336,1420,0.4122,0.3994,0.3963,0.085,4.0,20.5,True,False,0.457,19.54
Banana,Banana Regional Council,Banana,30370,outer_regional,True,False,https://www.banana.qld.gov.au,15144,2025,14707,14513,737,992,7,61,8,954,6,998,909,38,856,1766,2.5,0.8,2138,240,1300,2015_16,100,147,247,2015_16,64856,31889,21611,2015_16,5466,4417,3957,0.4395,0.4099,0.4284,0.1157,3.0,5.1,True,False,0.492,16.31
Barcaldine,Barcaldine Regional Council,Barcaldine,30410,very_remote,True,False,https://www.barcaldinerc.qld.gov.au,2937,2025,3082,2849,220,1002,7,68,9,971,7,989,956,43,858,1418,2.3,0.7,1962,163,1083,2015_16,37,118,155,2015_16,23907,6129,8983,2015_16,1502,1261,964,0.4428,0.4309,0.4202,0.0842,5.0,7.7,True,False,0.256,52.77
Barcoo,Barcoo Regional Council,Barcoo,30450,very_remote,True,False,https://www.barcoo.qld.gov.au,321,2025,296,308,26,988,6,57,8,959,6,1002,879,38,991,1875,2.3,0.8,2374,100,2000,2015_16,29,40,69,2015_16,15549,1146,4933,2015_16,235,231,0,0.4189,0.3681,0.4241,0.0882,5.0,8.4,True,False,0.074,214.95
Blackall Tambo,Blackall Tambo Regional Council,Blackall Tambo,30760,very_remote,True,False,https://www.btrc.qld.gov.au,1975,2025,2035,1905,110,961,4,38,6,930,4,976,903,48,729,1254,2.3,0.8,1557,157,867,2015_16,36,72,108,2015_16,18670,4577,6859,2015_16,1000,735,877,0.4428,0.4309,0.4202,0.0842,5.0,5.8,True,False,0.245,54.68
Boulia,Boulia Regional Council,Boulia,30900,very_remote,True,False,https://www.boulia.qld.gov.au,489,2025,459,458,138,878,1,10,3,890,2,864,898,33,1006,1490,2.5,1,1875,125,1020,2015_16,16,26,42,2015_16,14322,1203,3249,2015_16,255,207,229,0.4189,0.3681,0.4241,0.0882,5.0,30.1,True,False,0.084,85.89
Brisbane,Brisbane City Council,Brisbane,31000,seq_metro,True,False,https://www.brisbane.qld.gov.au,1375301,2025,1165437,1242825,22940,1045,9,89,10,1061,9,1012,1076,36,947,2068,2.5,0.8,2474,408,2019,2015_16,4662,2896,7558,2015_16,1898089,936874,654868,2015_16,0,,0,0.708,0.6171,0.6652,0.6179,1.0,1.8,False,False,0.494,5.5
Bulloo,Bulloo Regional Council,Bulloo,31750,very_remote,True,False,https://www.bulloo.qld.gov.au,347,2025,372,337,39,990,6,59,8,942,5,972,873,36,960,1625,2.5,0.9,1968,153,696,2015_16,33,33,66,2015_16,13846,4337,5177,2015_16,174,121,136,0.3932,0.3602,0.3927,0.0702,5.0,11.6,True,False,0.313,190.2
Bundaberg,Bundaberg Regional Council,Bundaberg,31820,regional_city,True,False,https://www.bundaberg.qld.gov.au,107297,2025,94028,99215,4963,924,2,19,4,898,2,954,891,47,594,1157,2.4,0.8,1427,285,1300,2015_16,354,439,793,2015_16,168171,128543,64527,2015_16,34810,Separate analysis not available,37991,0.4964,0.4696,0.4694,0.3714,2.0,5.0,True,False,0.764,7.39
Burdekin,Burdekin Regional Council,Burdekin,31900,outer_regional,True,False,https://www.burdekin.qld.gov.au,17220,2025,17566,16692,1097,966,5,42,7,923,3,969,890,45,723,1345,2.3,0.8,1804,222,1220,2015_16,110,131,241,2015_16,47265,37289,17924,2015_16,6533,5483,7553,0.5011,0.4425,0.4947,0.0927,3.0,6.6,True,False,0.789,14.0
Burke,Burke Regional Council,Burke,31950,very_remote,True,False,https://www.burke.qld.gov.au,449,2025,396,419,136,941,3,25,5,928,4,899,927,35,884,1312,2.3,1,2125,150,477,2015_16,12,36,48,2015_16,12762,3628,3923,2015_16,197,121,112,0.2639,0.2123,0.2905,0.0483,5.0,32.5,True,False,0.284,106.9
Cairns,Cairns Regional Council,Cairns,32080,outer_regional,True,False,https://www.cairns.qld.gov.au,179334,2025,159944,166943,16153,981,6,52,7,966,7,971,972,39,809,1578,2.5,0.8,1950,340,1588,2015_16,634,486,1120,2015_16,281273,241265,92450,2015_16,68686,63898,64860,0.6004,0.467,0.6171,0.3686,3.0,9.7,True,False,0.858,6.25
Carpentaria,Carpentaria Regional Council,Carpentaria,32250,very_remote,True,False,https://www.carpentaria.qld.gov.au,2247,2025,2092,2090,871,851,1,8,3,862,1,837,852,36,770,1469,2.5,1.1,1704,173,1128,2015_16,40,51,91,2015_16,47276,6987,9927,2015_16,884,735,759,0.2639,0.2123,0.2905,0.0483,5.0,41.7,True,False,0.148,40.5
Cassowary Coast,Cassowary Coast Regional Council,Cassowary Coast,32260,outer_regional,True,False,https://www.cassowarycoast.qld.gov.au,30666,2025,29098,29157,3206,929,3,21,4,902,2,941,888,46,647,1204,2.3,0.8,1475,250,1300,2015_16,117,202,319,2015_16,74153,61422,23701,2015_16,12786,10920,5972,0.5236,0.3875,0.5594,0.0899,3.0,11.0,True,False,0.828,10.4
Central Highlands,Central Highlands Regional Council,Central Highlands (Qld),32270,remote,True,False,https://chrc.qld.gov.au,29481,2025,29143,27836,1639,996,7,64,9,961,6,1003,914,34,1011,2095,2.6,0.8,2443,250,1500,2015_16,208,229,437,2015_16,123076,80509,38150,2015_16,12106,10557,15724,0.4758,0.4274,0.468,0.125,3.694,5.9,True,False,0.654,14.82
Charters Towers,Charters Towers Regional Council,Charters Towers,32310,remote,True,False,https://www.charterstowers.qld.gov.au,12088,2025,12235,11794,1143,933,3,22,4,908,2,945,894,42,669,1307,2.4,0.8,1734,220,1300,2015_16,77,134,211,2015_16,35300,20792,18354,2015_16,4717,3737,3230,0.4937,0.4168,0.5001,0.0869,3.999,9.7,True,False,0.589,17.46
Cherbourg,Cherbourg Aboriginal Shire Council,Cherbourg,32330,indigenous,True,True,https://www.cherbourg.qld.gov.au,1289,2025,1304,1194,1151,498,1,2,1,660,1,561,814,23,375,793,3.4,1,803,100,0,2015_16,,,,2015_16,6464,0,3225,2015_16,,,,0.384,0.2963,0.4153,0.0797,2.0,96.4,,,0.0,
Cloncurry,Cloncurry Regional Council,Cloncurry,32450,remote,True,False,https://www.cloncurry.qld.gov.au,3907,2025,3179,3644,868,965,5,41,6,939,4,936,903,34,1190,1879,2.5,0.8,2321,220,1200,2015_16,49,56,105,2015_16,25545,13460,6550,2015_16,1176,1003,917,0.3273,0.312,0.3274,0.1097,4.0,23.8,True,False,0.527,26.87
Cook,Cook Regional Council,Cook,32500,remote,True,False,https://www.cook.qld.gov.au,4876,2025,4217,4511,951,913,2,16,4,912,3,885,937,42,669,1159,2.3,1,1494,200,1300,2015_16,51,65,116,2015_16,17943,6564,8528,2015_16,1049,920,724,0.3093,0.2935,0.3123,0.0569,4.0,21.1,True,False,0.366,23.79
Croydon,Croydon Regional Council,Croydon,32600,very_remote,True,False,https://www.croydon.qld.gov.au,273,2025,297,266,76,876,1,10,3,890,2,839,867,35,819,1375,2.7,1,1937,148,0,2015_16,11,22,33,2015_16,10931,609,4037,2015_16,7,2,0,0.3402,0.3357,0.3323,0.0812,5.0,28.6,True,False,0.056,120.88
Diamantina,Diamantina Regional Council,Diamantina,32750,very_remote,True,False,https://www.diamantina.qld.gov.au,265,2025,301,266,58,952,4,31,6,942,5,884,898,39,1074,1792,2.1,0.9,2187,140,953,2015_16,22,36,58,2015_16,19637,919,4343,2015_16,N/A,N/A,0,0.4189,0.3681,0.4241,0.0882,5.0,21.8,,,0.047,218.87
Doomadgee,Doomadgee Aboriginal Shire Council,Doomadgee,32770,indigenous,True,True,https://www.doomadgee.qld.gov.au,1484,2025,1454,1387,1238,534,1,3,1,696,1,580,846,25,354,1223,4.2,1.5,882,120,737,2015_16,,,0,2015_16,12949,557,3483,2015_16,,,,0.2639,0.2123,0.2905,0.0483,5.0,89.3,,,0.043,0.0
Douglas,Douglas Regional Council,Douglas,32810,outer_regional,True,False,https://douglas.qld.gov.au/,13169,2025,11877,12337,1039,979,6,51,7,944,5,967,936,46,736,1310,2.3,0.8,1682,310,1517,2015_16,77,84,161,2015_16,37674,29471,12252,2015_16,8822,7623,8103,0.5371,0.408,0.5659,0.1477,3.0,8.4,True,False,0.782,12.23
Etheridge,Etheridge Regional Council,Etheridge,33100,very_remote,True,False,https://www.etheridge.qld.gov.au,727,2025,818,714,46,982,6,53,7,961,6,968,949,46,744,1145,2.2,1,1441,160,758,2015_16,24,29,53,2015_16,14116,2643,4428,2015_16,236,200,0,0.3402,0.3357,0.3323,0.0812,5.0,6.4,True,False,0.187,72.9
Flinders,Flinders Regional Council,Flinders (Qld),33200,very_remote,True,False,https://www.flinders.qld.gov.au,1545,2025,1643,1500,169,970,5,44,7,945,5,960,930,42,821,1343,2.3,0.8,1743,160,758,2015_16,30,57,87,2015_16,17842,3575,6148,2015_16,951,705,785,0.385,0.4024,0.3565,0.0998,5.0,11.3,True,False,0.2,56.31
Fraser Coast,Fraser Coast Regional Council,Fraser Coast,33220,regional_city,True,False,https://www.frasercoast.qld.gov.au,122924,2025,102129,111032,5647,915,2,17,4,890,2,954,886,51,533,1062,2.3,0.7,1293,300,1300,2015_16,376,326,702,2015_16,204006,158668,50110,2015_16,38392,35698,32229,0.4294,0.3881,0.4267,0.129,2.388,5.1,True,False,0.778,5.71
Gladstone,Gladstone Regional Council,Gladstone,33360,regional_city,True,False,https://www.gladstone.qld.gov.au,69046,2025,63697,63515,3946,954,4,33,6,926,3,975,898,38,758,1639,2.5,0.8,2048,275,1600,2015_16,397,244,641,2015_16,191397,138619,54837,2015_16,22625,20796,22931,0.5146,0.4544,0.5061,0.1358,2.0,6.2,True,False,0.724,9.28
Gold Coast,Gold Coast Regional Council,Gold Coast,33430,seq_metro,True,False,https://www.goldcoast.qld.gov.au/Home,691230,2025,561629,625087,13593,1019,8,77,10,1009,9,1015,1001,39,787,1691,2.5,0.8,2010,450,1950,2015_16,2522,1258,3780,2015_16,1198445,1007970,311137,2015_16,247246,231221,235500,0.6906,0.6044,0.6508,0.56,1.0,2.2,True,True,0.841,5.47
Goondiwindi,Goondiwindi Regional Council,Goondiwindi,33610,outer_regional,True,False,https://www.grc.qld.gov.au,10438,2025,10835,10310,803,965,4,40,6,938,4,976,921,40,754,1394,2.5,0.8,1735,250,1300,2015_16,54,101,155,2015_16,32017,18578,12053,2015_16,4144,3291,3444,0.4297,0.3314,0.4599,0.102,3.0,7.8,True,False,0.58,14.85
Gympie,Gympie Regional Council,Gympie,33620,regional_city,True,False,https://www.gympie.qld.gov.au,58487,2025,49540,53242,2331,930,3,21,4,896,2,972,889,48,554,1115,2.4,0.8,1359,290,1327,2015_16,243,220,463,2015_16,79891,62212,29742,2015_16,14312,12869,12356,0.4848,0.4372,0.475,0.1948,2.0,4.4,True,False,0.779,7.92
Hinchinbrook,Hinchinbrook Regional Council,Hinchinbrook,33800,outer_regional,True,False,https://www.hinchinbrook.qld.gov.au,11194,2025,11181,10920,756,954,4,33,6,911,3,953,884,51,644,1158,2.2,0.7,1555,200,1170,2015_16,80,95,175,2015_16,36734,24140,13267,2015_16,5182,4183,2832,0.5016,0.4328,0.5014,0.078,3.0,6.9,True,False,0.657,15.63
Hope Vale,Hope Vale Aboriginal Shire Council,Hope Vale,33830,indigenous,True,True,https://www.hopevale.qld.gov.au,1073,2025,1009,976,863,631,1,5,2,722,1,634,815,28,386,836,3.1,1.1,874,120,975,2015_16,15,82,97,2015_16,19236,0,5292,2015_16,0,,0,0.3093,0.2935,0.3123,0.0569,4.0,88.4,False,False,0.0,90.4
Ipswich,Ipswich Regional Council,Ipswich,33960,seq_metro,True,False,https://www.ipswich.qld.gov.au,268272,2025,194274,229208,12509,958,4,35,6,940,4,980,934,33,795,1668,2.8,0.8,1936,330,1600,2015_16,653,378,1031,2015_16,275954,164742,79786,2015_16,0,,0,0.4865,0.4664,0.4583,0.6021,1.008,5.5,False,False,0.597,3.84
Isaac,Isaac Regional Council,Isaac,33980,outer_regional,True,False,https://www.isaac.qld.gov.au,23186,2025,22173,22046,1164,1012,8,74,9,971,7,993,905,34,1314,2420,2.6,0.8,2910,113,1213,2015_16,205,182,387,2015_16,96322,75896,31185,2015_16,N/A,N/A,0,0.4734,0.4533,0.4491,0.1288,3.471,5.3,,,0.788,16.69
Kowanyama,Kowanyama Aboriginal Shire Council,Kowanyama,34420,indigenous,True,True,https://www.kowanyama.qld.gov.au,1155,2025,996,1079,937,528,1,3,1,686,1,509,765,29,341,1132,3.7,1.3,858,115,0,2015_16,58,33,91,2015_16,17874,966,6985,2015_16,127,,47,0.1351,0.1392,0.145,0.0283,5.0,86.8,True,False,0.054,78.79
Livingstone,Livingstone Regional Council,Livingstone,34530,outer_regional,True,False,https://www.livingstone.qld.gov.au,43668,2025,36579,39398,2118,1005,7,70,9,970,7,1030,935,43,765,1625,2.5,0.8,2008,350,1733,2015_16,241,121,362,2015_16,89805,62780,29884,2015_16,14096,13349,10822,0.6164,0.5488,0.5865,0.1817,2.882,5.4,True,False,0.699,8.29
Lockhart River,Lockhart River Aboriginal Shire Council,Lockhart River,34570,indigenous,True,True,https://lockhart.qld.gov.au,702,2025,697,640,502,622,1,5,2,744,1,582,794,27,420,1066,3.4,1.2,959,125,0,2015_16,49,32,81,2015_16,18346,122,4547,2015_16,0,,0,0.3093,0.2935,0.3123,0.0569,4.0,78.4,False,False,0.007,115.38
Lockyer Valley,Lockyer Valley Regional Council,Lockyer Valley,34580,regional_city,True,False,https://www.lockyervalley.qld.gov.au,46058,2025,38861,41101,2092,948,3,29,5,921,3,997,902,39,665,1457,2.7,0.8,1684,300,1500,2015_16,154,153,307,2015_16,55123,33725,23825,2015_16,0,Not issued by Council,0,0.6303,0.5379,0.6135,0.5943,2.0,5.1,False,False,0.612,6.67
Logan,Logan Regional Council,Logan,34590,seq_metro,True,False,https://www.logan.qld.gov.au,403515,2025,309342,345098,14520,944,3,27,5,930,4,985,916,34,736,1616,2.9,0.8,1825,350,1733,2015_16,1169,362,1531,2015_16,460677,381336,128204,2015_16,N/A,N/A,0,0.5575,0.4871,0.5427,0.5997,1.0,4.2,,,0.828,3.79
Longreach,Longreach Regional Council,Longreach,34710,very_remote,True,False,https://www.longreach.qld.gov.au,3741,2025,3812,3647,223,1003,7,69,9,976,7,967,967,40,938,1561,2.3,0.7,2094,200,1083,2015_16,64,98,162,2015_16,33447,9010,12622,2015_16,2171,1792,2800,0.475,0.5014,0.4207,0.1097,5.0,6.1,True,False,0.269,43.3
Mackay,Mackay Regional Council,Mackay,34770,outer_regional,True,False,https://www.mackay.qld.gov.au,129253,2025,118292,121691,7507,999,7,67,9,961,6,1007,917,38,866,1853,2.6,0.8,2215,340,1733,2015_16,471,405,876,2015_16,255609,214040,78145,2015_16,45007,41342,39006,0.5762,0.4814,0.5747,0.1835,2.85,6.2,True,False,0.837,6.78
Mapoon,Mapoon Aboriginal Shire Council,Mapoon,34830,indigenous,True,True,https://www.mapoon.qld.gov.au,494,2025,304,432,338,567,1,4,2,700,1,569,795,27,365,1010,3.6,1.2,924,120,0,2015_16,8,36,44,2015_16,9529,0,3060,2015_16,0,,0,0.3093,0.2935,0.3123,0.0569,4.0,78.2,False,False,0.0,89.07
Maranoa,Maranoa Regional Council,Maranoa,34860,remote,True,False,https://www.maranoa.qld.gov.au,13370,2025,13292,12825,1249,995,7,64,8,966,7,988,944,38,875,1588,2.5,0.7,2042,220,1300,2015_16,174,233,407,2015_16,75694,28090,33088,2015_16,4900,4190,4064,0.5038,0.456,0.49,0.1122,3.998,9.7,True,False,0.371,30.44
Mareeba,Mareeba Regional Council,Mareeba,34880,remote,True,False,https://msc.qld.gov.au/,24205,2025,21812,22858,3260,937,3,23,4,921,3,952,922,43,655,1269,2.5,0.9,1596,275,1517,2015_16,97,114,211,2015_16,51081,26418,17006,2015_16,5635,4075,3790,0.3628,0.4204,0.3145,0.1011,3.98,14.3,True,False,0.517,8.72
McKinlay,McKinlay Regional Council,McKinlay,34800,very_remote,True,False,https://www.mckinlay.qld.gov.au,850,2025,876,836,43,1014,8,75,10,977,7,1017,937,36,1074,1733,2.5,0.8,2297,130,550,2015_16,26,45,71,2015_16,12881,2765,4773,2015_16,430,310,359,0.385,0.4024,0.3565,0.0998,5.0,5.1,True,False,0.215,83.53
Moreton Bay,Moreton Bay Regional Council,Moreton Bay,35010,seq_metro,True,False,https://www.moretonbay.qld.gov.au,532445,2025,428994,476340,18616,992,7,61,8,970,7,1012,955,39,761,1648,2.6,0.8,1957,360,1777,2015_16,968,509,1477,2015_16,482452,261086,126470,2015_16,0,,0,0.6254,0.6076,0.5571,0.6039,1.053,3.9,False,False,0.541,2.77
Mornington,Mornington Shire Council,Mornington,35250,indigenous,True,True,https://www.mornington.qld.gov.au,1099,2025,1202,1025,822,609,1,5,2,747,1,588,899,29,285,855,3.5,1.2,624,104,0,2015_16,14,82,96,2015_16,14927,1665,6365,2015_16,0,,0,0.2639,0.2123,0.2905,0.0483,5.0,80.2,False,False,0.112,87.35
Mount Isa,Mount Isa Regional Council,Mount Isa,35300,remote,True,False,https://www.mountisa.qld.gov.au,18585,2025,20586,18727,4020,972,5,45,7,954,6,938,927,31,1155,2231,2.6,0.9,2647,270,1536,2015_16,70,96,166,2015_16,52140,37282,11676,2015_16,7390,6716,7132,0.3163,0.2947,0.321,0.0998,4.174,21.5,True,False,0.715,8.93
Murweh,Murweh Regional Council,Murweh,35600,very_remote,True,False,https://www.murweh.qld.gov.au,4004,2025,4527,3971,458,948,3,29,5,930,4,943,930,43,798,1294,2.2,0.7,1766,170,867,2015_16,30,77,107,2015_16,17718,6084,6818,2015_16,2182,1919,1648,0.4413,0.4252,0.4216,0.0819,5.0,11.5,True,False,0.343,26.72
Napranum,Napranum Aboriginal Shire Council,Napranum,35670,indigenous,True,True,https://www.napranum.qld.gov.au,952,2025,959,883,716,623,1,5,2,738,1,619,818,27,342,788,3.7,1.3,924,121,0,2015_16,12,88,100,2015_16,14282,0,7396,2015_16,0,,0,0.3093,0.2935,0.3123,0.0569,4.0,81.1,False,False,0.0,105.04
Noosa,Noosa Regional Council,Noosa,35740,seq_metro,True,False,https://www.noosa.qld.gov.au,59551,2025,53497,56298,933,1030,9,83,10,1009,9,1029,1003,50,722,1467,2.4,0.8,1800,470,1900,2015_16,248,97,345,2015_16,93956,60665,27822,2015_16,0,,0,0.6933,0.6261,0.6398,0.521,1.0,1.7,False,False,0.646,5.79
North Burnett,North Burnett Regional Council,North Burnett,35760,outer_regional,True,False,https://northburnett.qld.gov.au/,10562,2025,10607,10068,708,902,2,13,3,888,2,943,887,49,555,1021,2.2,0.8,1317,200,1000,2015_16,85,124,209,2015_16,34657,14633,13892,2015_16,3349,2766,2721,0.445,0.3957,0.4445,0.0716,2.567,7.0,True,False,0.422,19.79
Northern Peninsula Area,Northern Peninsula Area Regional Council,Northern Peninsula Area,35780,indigenous,True,True,https://www.nparc.qld.gov.au,2944,2025,2836,2781,2285,702,1,6,3,792,1,636,881,23,604,1331,3.5,1.3,1287,120,1300,2015_16,,,0,2015_16,27562,1572,8927,2015_16,0,,0,0.1422,0.1691,0.141,0.0396,5.0,82.2,False,False,0.057,0.0
Palm Island,Palm Island Aboriginal Shire Council,Palm Island,35790,indigenous,True,True,https://www.palmcouncil.qld.gov.au,2335,2025,2550,2098,1918,567,1,4,2,707,1,570,851,26,380,977,3.7,1.2,898,125,2167,2015_16,91,39,130,2015_16,20448,469,9163,2015_16,0,,0,0.1283,0.1232,0.1427,0.0213,4.0,91.4,False,False,0.023,55.67
Paroo,Paroo Regional Council,Paroo,35800,very_remote,True,False,https://www.paroo.qld.gov.au,1724,2025,1734,1679,603,866,1,9,3,884,2,857,921,44,529,920,2.2,0.8,1268,125,679,2015_16,42,58,100,2015_16,14316,3589,5656,2015_16,963,868,1046,0.3932,0.3602,0.3927,0.0702,5.0,35.9,True,False,0.251,58.0
Pormpuraaw,Pormpuraaw Aboriginal Shire Council,Pormpuraaw,36070,indigenous,True,True,https://www.pormpuraaw.qld.gov.au,650,2025,764,611,479,547,1,4,2,706,1,512,759,34,351,1071,3.4,1.2,947,120,0,2015_16,23,53,76,2015_16,11561,235,4225,2015_16,0,,0,0.1351,0.1392,0.145,0.0283,5.0,78.4,False,False,0.02,116.92
Quilpie,Quilpie Regional Council,Quilpie,36150,very_remote,True,False,https://quilpie.qld.gov.au/,720,2025,868,698,86,998,7,66,9,969,7,980,942,42,823,1312,2.4,0.8,1968,140,850,2015_16,17,47,64,2015_16,21857,4548,5443,2015_16,330,330,251,0.3932,0.3602,0.3927,0.0702,5.0,12.3,True,False,0.208,88.89
Redland,Redland Regional Council,Redland,36250,outer_regional,True,False,https://www.redland.qld.gov.au,172831,2025,150107,159222,4654,1024,8,80,10,1003,8,1041,979,43,786,1767,2.6,0.7,2131,420,1950,2015_16,694,176,870,2015_16,245517,209926,79301,2015_16,54603,52063,49582,0.6108,0.5675,0.564,0.3575,2.622,2.9,True,False,0.855,5.03
Richmond,Richmond Regional Council,Richmond,36300,very_remote,True,False,https://www.richmond.qld.gov.au,788,2025,820,761,55,1009,8,73,9,975,7,1005,924,37,918,1757,2.6,0.8,1929,133,800,2015_16,21,45,66,2015_16,10670,1472,4698,2015_16,397,281,329,0.385,0.4024,0.3565,0.0998,5.0,7.2,True,False,0.138,83.76
Rockhampton,Rockhampton Regional Council,Rockhampton,36370,regional_city,True,False,https://www.rockhamptonregion.qld.gov.au/,85794,2025,82026,81968,7102,949,3,30,5,924,3,960,910,37,758,1477,2.5,0.8,1888,280,1400,2015_16,491,363,854,2015_16,196559,126821,69474,2015_16,31850,29446,29429,0.5844,0.4687,0.5935,0.4388,2.0,8.7,True,False,0.645,9.95
Scenic Rim,Scenic Rim Regional Council,Scenic Rim,36510,regional_city,True,False,https://www.scenicrim.qld.gov.au,46947,2025,40307,42984,1574,986,6,55,8,959,6,1019,949,46,661,1410,2.6,0.8,1706,315,1733,2015_16,185,177,362,2015_16,65001,44193,25792,2015_16,0,,0,0.5016,0.4264,0.5048,0.134,1.876,3.7,False,False,0.68,7.71
Somerset,Somerset Regional Council,Somerset,36580,regional_city,True,False,https://www.somerset.qld.gov.au,26936,2025,24681,25057,1172,944,3,27,5,913,3,998,896,45,620,1312,2.6,0.8,1517,300,1500,2015_16,81,100,181,2015_16,35159,19289,13414,2015_16,N/A,N/A,N/A,0.508,0.5068,0.463,0.5817,1.885,4.7,,,0.549,6.72
South Burnett,South Burnett Regional Council,South Burnett,36630,regional_city,True,False,https://www.southburnett.qld.gov.au,35111,2025,32589,32996,2045,907,2,14,3,885,2,945,888,48,542,1045,2.3,0.8,1337,245,1083,2015_16,187,142,329,2015_16,62194,42132,22962,2015_16,9942,8326,7987,0.4209,0.3529,0.4347,0.2967,2.0,6.2,True,False,0.677,9.37
Southern Downs,Southern Downs Regional Council,Southern Downs,36660,regional_city,True,False,https://www.sdrc.qld.gov.au,38064,2025,35566,36290,1965,939,3,23,4,909,3,964,900,48,590,1108,2.3,0.7,1396,255,1300,2015_16,140,185,325,2015_16,67441,50187,24095,2015_16,12481,10687,12173,0.4956,0.3944,0.5158,0.273,2.005,5.4,True,False,0.744,8.54
Sunshine Coast,Sunshine Coast Regional Council,Sunshine Coast,36720,seq_metro,True,False,https://www.sunshinecoast.qld.gov.au,381957,2025,295317,342541,8332,1022,8,78,10,1001,8,1023,991,43,755,1595,2.5,0.8,1920,440,1915,2015_16,1320,341,1661,2015_16,410464,256292,123394,2015_16,0,,0,0.7306,0.6781,0.6524,0.5978,1.454,2.4,False,False,0.624,4.35
Tablelands,Tablelands Regional Council,Tablelands,36820,outer_regional,True,False,https://www.trc.qld.gov.au,27902,2025,25111,26244,2062,955,4,34,6,926,3,961,924,49,625,1167,2.3,0.8,1478,260,1352,2015_16,128,131,259,2015_16,53673,36876,21623,2015_16,9682,7369,5276,0.495,0.4122,0.5046,0.1003,3.0,7.9,True,False,0.687,9.28
Toowoomba,Toowoomba Regional Council,Toowoomba,36910,regional_city,True,False,https://www.tr.qld.gov.au,186276,2025,162775,173204,8677,979,6,51,7,959,6,983,959,39,743,1461,2.5,0.8,1847,300,1517,2015_16,809,631,1440,2015_16,288344,219077,112416,2015_16,60198,55412,46791,0.5048,0.4161,0.5136,0.4319,2.0,5.0,True,False,0.76,7.73
Torres,Torres Shire Council,Torres,36950,indigenous,True,True,https://www.torres.qld.gov.au,3490,2025,3753,3421,2358,904,2,13,3,939,4,824,981,30,877,2006,3.1,1.2,1951,200,1791,2015_16,20,65,85,2015_16,15343,5126,6133,2015_16,1269,1059,1369,0.3053,0.2617,0.3234,0.0621,5.0,68.9,True,False,0.334,24.36
Torres Strait Island,Torres Strait Island Regional Council,Torres Strait Island,36960,indigenous,True,True,https://tsirc.qld.gov.au/,4298,2025,4731,4124,3737,649,1,6,2,777,1,628,885,27,411,976,3.5,1,923,130,0,2015_16,171,143,314,2015_16,61468,1223,21858,2015_16,1368,1207,1526,0.2307,0.1816,0.259,0.0237,5.0,90.6,True,False,0.02,73.06
Townsville,Townsville Regional Council,Townsville,37010,outer_regional,True,False,https://www.townsville.qld.gov.au,206260,2025,190011,192768,16269,990,6,59,8,966,7,981,962,36,864,1701,2.5,0.8,2082,305,1517,2015_16,1020,710,1730,2015_16,384499,331327,136598,2015_16,84300,79500,72400,0.6645,0.5014,0.6858,0.2162,3.0,8.4,True,False,0.862,8.39
Weipa,Weipa Town Authority,Weipa,37300,very_remote,False,False,https://www.weipatownauthority.com.au,4297,2025,3964,4100,814,1058,10,92,10,1036,9,1011,944,30,1558,2978,2.9,1,3283,500,2063,,,,,,,,,,,,,0.4296,0.4995,0.3582,0.583,5.0,19.9,,,,
Western Downs,Western Downs Regional Council,Western Downs,37310,outer_regional,True,False,https://www.wdrc.qld.gov.au,35452,2025,33867,33843,2585,946,3,28,5,922,3,969,912,38,716,1374,2.5,0.8,1713,240,1300,2015_16,297,356,653,2015_16,145124,66621,49768,2015_16,11518,10290,9762,0.4188,0.3265,0.4473,0.1342,2.848,7.6,True,False,0.459,18.42
Whitsunday,Whitsunday Regional Council,Whitsunday,37340,outer_regional,True,False,https://www.whitsundayrc.qld.gov.au/,41374,2025,34509,37152,2156,969,5,44,7,935,4,977,899,40,795,1472,2.4,0.8,1856,300,1612,2015_16,176,187,363,2015_16,104248,76422,27172,2015_16,14661,13525,11747,0.4447,0.4426,0.4156,0.1203,3.013,5.8,True,False,0.733,8.77
Winton,Winton Regional Council,Winton,37400,very_remote,True,False,https://www.winton.qld.gov.au,1152,2025,1222,1129,82,993,7,62,8,959,6,972,932,45,882,1316,2.1,0.8,2048,150,863,2015_16,43,54,97,2015_16,17251,3587,7206,2015_16,612,596,560,0.4189,0.3681,0.4241,0.0882,5.0,7.3,True,False,0.208,84.2
Woorabinda,Woorabinda Aboriginal Shire Council,Woorabinda,37550,indigenous,True,True,https://www.woorabinda.qld.gov.au,1087,2025,989,1019,933,492,1,1,1,659,1,513,816,23,361,684,3.3,1.2,707,120,0,2015_16,,,,2015_16,,,,2015_16,N/A,N/A,N/A,0.4383,0.3589,0.4567,0.1193,3.0,91.6,,,,
Wujal Wujal,Wujal Wujal Aboriginal Shire Council,Wujal Wujal,37570,indigenous,True,True,https://www.wujalwujalcouncil.qld.gov.au,301,2025,287,276,258,510,1,2,1,692,1,542,862,29,332,840,3.2,1.2,833,70,0,2015_16,35,41,76,2015_16,7893,0,2993,2015_16,0,,0,0.3093,0.2935,0.3123,0.0569,4.0,93.5,False,False,0.0,252.49
Yarrabah,Yarrabah Aboriginal Shire Council,Yarrabah,37600,indigenous,True,True,https://www.yarrabah.qld.gov.au,2669,2025,2695,2505,2402,512,1,2,1,678,1,569,788,25,337,1254,4.5,1.5,911,150,1392,2015_16,36,79,115,2015_16,15598,572,5710,2015_16,0,,0,0.2662,0.1585,0.3195,0.0263,3.0,95.9,False,False,0.037,43.09
