short_name,council_name,stratum,abs_lga_code,is_indigenous_council,population_latest,essential_services_inputs_used,n_above_soci_water_threshold,n_is_water_service_provider,n_mean_remoteness_score,essential_services_score,population_vulnerability_inputs_used,n_seifa_irsd_score,n_avg_persons_per_bedroom,n_indigenous_share_pct,population_vulnerability_score,institutional_capacity_inputs_used,n_own_source_revenue_share,n_indoor_staff_share,n_staff_per_1000_residents,institutional_capacity_score,deployment_evidence_inputs_used,n_ai_deployment_confirmed,deployment_evidence_score,synthetic_warning_inputs_used,n_disaster_events_alltime,n_mbsp_stations_per_1000_residents,n_pct_language_not_english_home,synthetic_warning_score,ai_risk_index,components_complete,adri_andri,ai_risk_rank,adri_rank,rank_shift
Aurukun,Aurukun Shire Council,indigenous,30250,True,1165,3/3,1.0,1.0,0.8269,0.9567,3/3,0.9679,0.8782,0.9038,0.9205,3/3,0.8618,0.6233,0.2733,0.6726,0/1,,,3/3,0.25,0.8974,0.9808,0.6593,0.691,4/5,0.0,3,1,-2
Balonne,Balonne Shire Council,remote,30300,False,4350,3/3,1.0,1.0,0.5833,0.8958,3/3,0.5833,0.3718,0.6603,0.5285,3/3,0.5066,0.2671,0.4733,0.4281,0/1,,,3/3,0.25,0.1474,0.2949,0.2253,0.4806,4/5,0.4122,43,31,-12
Banana,Banana Shire Council,outer_regional,30370,False,15144,3/3,1.0,1.0,0.3782,0.8446,3/3,0.2308,0.3718,0.1795,0.2673,3/3,0.4803,0.3219,0.5267,0.442,0/1,,,3/3,0.9551,0.4423,0.4167,0.641,0.4613,4/5,0.4395,58,42,-16
Barcaldine,Barcaldine Regional Council,very_remote,30410,False,2937,3/3,1.0,1.0,0.8269,0.9567,3/3,0.1474,0.0513,0.4423,0.1875,3/3,0.625,0.0753,0.34,0.4031,0/1,,,3/3,0.6282,0.1859,0.0705,0.334,0.431,4/5,0.4428,67,44,-23
Barcoo,Barcoo Shire Council,very_remote,30450,False,321,3/3,1.0,1.0,0.8269,0.9567,3/3,0.2756,0.3718,0.4936,0.3638,3/3,0.7829,0.3562,0.0333,0.505,0/1,,,3/3,0.6282,0.8974,0.0064,0.567,0.5201,4/5,0.4189,29,33,4
Blackall Tambo,Blackall-Tambo Regional Council,very_remote,30760,False,1975,3/3,1.0,1.0,0.8269,0.9567,3/3,0.4295,0.3718,0.2692,0.3692,3/3,0.6513,0.1781,0.3267,0.4444,0/1,,,3/3,0.6282,0.2115,0.0705,0.3429,0.4806,4/5,0.4428,44,45,1
Boulia,Boulia Shire Council,very_remote,30900,False,489,3/3,1.0,1.0,0.8269,0.9567,3/3,0.75,0.7436,0.7372,0.7446,3/3,0.7697,0.2945,0.18,0.5092,0/1,,,3/3,0.25,0.0705,0.2949,0.1984,0.5607,4/5,0.4189,19,34,15
Brisbane,Brisbane City Council,seq_metro,31000,False,1375301,3/3,1.0,0.0,0.0256,0.4064,3/3,0.0192,0.3718,0.0192,0.1426,3/3,0.4671,0.8425,0.8867,0.6636,1/1,1.0,1.0,3/3,0.9936,0.7885,0.8397,0.8833,0.5675,5/5,0.708,16,77,61
Bulloo,Bulloo Shire Council,very_remote,31750,False,347,3/3,1.0,1.0,0.8269,0.9567,3/3,0.2564,0.6667,0.609,0.4881,3/3,0.5855,0.6507,0.0467,0.4973,0/1,,,3/3,0.25,0.0064,0.1026,0.1279,0.4988,4/5,0.3932,37,28,-9
Bundaberg,Bundaberg Regional Council,regional_city,31820,False,107297,3/3,1.0,1.0,0.1667,0.7917,3/3,0.6731,0.3718,0.141,0.4346,3/3,0.1645,0.4589,0.7933,0.3786,0/1,,,3/3,0.8205,0.5577,0.4423,0.634,0.4618,4/5,0.4964,57,56,-1
Burdekin,Burdekin Shire Council,outer_regional,31900,False,17220,3/3,1.0,1.0,0.3782,0.8446,3/3,0.391,0.3718,0.3654,0.3779,3/3,0.0987,0.5137,0.58,0.3195,0/1,,,3/3,0.25,0.5192,0.5897,0.4292,0.4255,4/5,0.5011,69,57,-12
Burke,Burke Shire Council,very_remote,31950,False,449,3/3,1.0,1.0,0.8269,0.9567,3/3,0.5962,0.7436,0.75,0.6862,3/3,0.5987,0.089,0.1,0.3461,0/1,,,3/3,0.25,0.0192,0.4038,0.2077,0.501,4/5,0.2639,34,7,-27
Cairns,Cairns Regional Council,outer_regional,32080,False,179334,3/3,1.0,1.0,0.3782,0.8446,3/3,0.3141,0.3718,0.5449,0.392,3/3,0.0197,0.774,0.8467,0.4114,1/1,0.0,0.0,3/3,0.6282,0.7115,0.8013,0.7006,0.483,5/5,0.6004,42,69,27
Carpentaria,Carpentaria Shire Council,very_remote,32250,False,2247,3/3,1.0,1.0,0.8269,0.9567,3/3,0.7885,0.8077,0.7756,0.792,3/3,0.7303,0.4247,0.38,0.5685,0/1,,,3/3,0.25,0.2372,0.3718,0.276,0.5957,4/5,0.2639,9,8,-1
Cassowary Coast,Cassowary Coast Regional Council,outer_regional,32260,False,30666,3/3,1.0,1.0,0.3782,0.8446,3/3,0.6603,0.3718,0.5705,0.5369,3/3,0.0789,0.2534,0.6067,0.2368,1/1,0.0,0.0,3/3,0.9167,0.5769,0.7372,0.7529,0.4648,5/5,0.5236,54,64,10
Central Highlands,Central Highlands Regional Council,remote,32270,False,29481,3/3,1.0,1.0,0.4808,0.8702,3/3,0.1859,0.3718,0.2885,0.2766,3/3,0.3092,0.5822,0.5667,0.4426,0/1,,,3/3,0.25,0.2756,0.5705,0.3391,0.4396,4/5,0.4758,65,50,-15
Charters Towers,Charters Towers Regional Council,remote,32310,False,12088,3/3,1.0,1.0,0.5192,0.8798,3/3,0.6346,0.3718,0.5449,0.5202,3/3,0.3882,0.226,0.5,0.3619,0/1,,,3/3,0.6282,0.4103,0.1474,0.4317,0.4757,4/5,0.4937,45,53,8
Cherbourg,Cherbourg Aboriginal Shire Council,indigenous,32330,True,1289,1/3,,,0.1667,0.1667,3/3,0.9808,0.7436,0.9936,0.901,1/3,0.9671,,,0.9671,1/1,1.0,1.0,3/3,0.25,0.8974,0.1218,0.4446,0.7064,3/5,0.384,2,24,22
Cloncurry,Cloncurry Shire Council,remote,32450,False,3907,3/3,1.0,1.0,0.5833,0.8958,3/3,0.4103,0.3718,0.7115,0.4721,3/3,0.4408,0.5685,0.4067,0.4723,0/1,,,3/3,0.6282,0.1731,0.391,0.4096,0.501,4/5,0.3273,35,20,-15
Cook,Cook Shire Council,remote,32500,False,4876,3/3,1.0,1.0,0.5833,0.8958,3/3,0.6987,0.7436,0.6731,0.708,3/3,0.5461,0.4247,0.4467,0.4898,0/1,,,3/3,0.8205,0.0833,0.75,0.5449,0.567,4/5,0.3093,17,13,-4
Croydon,Croydon Shire Council,very_remote,32600,False,273,3/3,1.0,1.0,0.8269,0.9567,3/3,0.7628,0.7436,0.7244,0.7465,3/3,0.8092,0.1781,0.06,0.47,0/1,,,3/3,0.25,0.8974,0.1731,0.4574,0.5752,4/5,0.3402,14,21,7
Diamantina,Diamantina Shire Council,very_remote,32750,False,265,1/3,,,0.8269,0.8269,3/3,0.4936,0.6667,0.6987,0.6054,3/3,0.8355,0.2808,0.02,0.506,0/1,,,3/3,0.25,0.8974,0.6859,0.5856,0.5382,3/5,0.4189,22,35,13
Doomadgee,Doomadgee Aboriginal Shire Council,indigenous,32770,True,1484,1/3,,,0.8269,0.8269,3/3,0.9167,0.9872,0.9167,0.9413,2/3,0.8487,,0.9867,0.8881,0/1,,,3/3,0.25,0.8974,0.2051,0.4654,0.708,2/5,0.2639,1,9,8
Douglas,Douglas Shire Council,outer_regional,32810,False,13169,3/3,1.0,1.0,0.3782,0.8446,3/3,0.3333,0.3718,0.4936,0.3869,3/3,0.125,0.5959,0.5933,0.3599,0/1,,,3/3,0.6282,0.3269,0.6987,0.5404,0.4505,4/5,0.5371,60,65,5
Etheridge,Etheridge Shire Council,very_remote,33100,False,727,3/3,1.0,1.0,0.8269,0.9567,3/3,0.3013,0.7436,0.3526,0.4689,3/3,0.7171,0.4863,0.26,0.5564,0/1,,,3/3,0.25,0.0449,0.0192,0.1205,0.5119,4/5,0.3402,31,22,-9
Flinders,Flinders Shire Council,very_remote,33200,False,1545,3/3,1.0,1.0,0.8269,0.9567,3/3,0.3654,0.3718,0.5833,0.4221,3/3,0.7039,0.1986,0.3,0.4716,0/1,,,3/3,0.9167,0.0962,0.1346,0.434,0.5085,4/5,0.385,32,25,-7
Fraser Coast,Fraser Coast Regional Council,regional_city,33220,False,122924,3/3,1.0,1.0,0.2372,0.8093,3/3,0.6859,0.0513,0.1795,0.3372,3/3,0.1513,0.7192,0.8733,0.4661,0/1,,,3/3,0.6282,0.6731,0.3141,0.5654,0.4661,4/5,0.4294,52,38,-14
Gladstone,Gladstone Regional Council,regional_city,33360,False,69046,3/3,1.0,1.0,0.1667,0.7917,3/3,0.4744,0.3718,0.3269,0.4016,3/3,0.2171,0.8562,0.6533,0.4961,0/1,,,3/3,0.25,0.6218,0.4936,0.441,0.4712,4/5,0.5146,48,63,15
Gold Coast,City of Gold Coast,seq_metro,33430,False,691230,3/3,0.0,1.0,0.0256,0.3564,3/3,0.0705,0.3718,0.0321,0.1663,3/3,0.0461,0.9247,0.9,0.4804,1/1,0.0,0.0,3/3,0.9679,0.8974,0.7756,0.8952,0.356,5/5,0.6906,74,75,1
Goondiwindi,Goondiwindi Regional Council,outer_regional,33610,False,10438,3/3,1.0,1.0,0.3782,0.8446,3/3,0.4103,0.3718,0.4551,0.408,3/3,0.4013,0.2123,0.5533,0.375,0/1,,,3/3,0.25,0.359,0.2244,0.2817,0.4334,4/5,0.4297,66,40,-26
Gympie,Gympie Regional Council,regional_city,33620,False,58487,3/3,1.0,1.0,0.1667,0.7917,3/3,0.6474,0.3718,0.109,0.4163,3/3,0.1382,0.6918,0.7533,0.4273,0/1,,,3/3,0.8205,0.5064,0.1731,0.5487,0.4642,4/5,0.4848,55,51,-4
Hinchinbrook,Hinchinbrook Shire Council,outer_regional,33800,False,11194,3/3,1.0,1.0,0.3782,0.8446,3/3,0.4744,0.0513,0.3782,0.3022,3/3,0.2961,0.5274,0.54,0.4142,0/1,,,3/3,0.8205,0.2885,0.4679,0.5462,0.4505,4/5,0.5016,61,58,-3
Hope Vale,Hope Vale Aboriginal Shire Council,indigenous,33830,True,1073,3/3,1.0,0.0,0.5833,0.5458,3/3,0.8269,0.8077,0.891,0.8362,3/3,0.9671,0.0342,0.1267,0.5192,0/1,,,3/3,0.25,0.8974,0.9295,0.6465,0.5241,4/5,0.3093,28,14,-14
Ipswich,Ipswich City Council,seq_metro,33960,False,268272,3/3,1.0,0.0,0.0577,0.4144,3/3,0.4423,0.3718,0.25,0.3696,3/3,0.375,0.8699,0.94,0.6365,0/1,,,3/3,0.9167,0.7756,0.7885,0.8353,0.452,4/5,0.4865,59,52,-7
Isaac,Isaac Regional Council,outer_regional,33980,False,23186,1/3,,,0.4679,0.4679,3/3,0.0962,0.3718,0.2115,0.2215,3/3,0.1118,0.7055,0.5133,0.3702,0/1,,,3/3,0.6282,0.391,0.4936,0.5115,0.3235,3/5,0.4734,77,48,-29
Kowanyama,Kowanyama Aboriginal Shire Council,indigenous,34420,True,1155,3/3,1.0,1.0,0.8269,0.9567,3/3,0.9295,0.9551,0.8782,0.9256,3/3,0.8224,0.8836,0.2333,0.7229,0/1,,,3/3,0.25,0.8974,0.3269,0.4958,0.6908,4/5,0.1351,4,3,-1
Livingstone,Livingstone Shire Council,outer_regional,34530,False,43668,3/3,1.0,1.0,0.3013,0.8253,3/3,0.1218,0.3718,0.2308,0.2365,3/3,0.2434,0.911,0.74,0.543,1/1,1.0,1.0,3/3,0.25,0.4808,0.1731,0.3115,0.5977,5/5,0.6164,8,71,63
Lockhart River,Lockhart River Aboriginal Shire Council,indigenous,34570,True,702,3/3,1.0,0.0,0.5833,0.5458,3/3,0.8526,0.8782,0.8205,0.8535,3/3,0.9276,0.8288,0.0867,0.7298,0/1,,,3/3,0.25,0.8974,0.9423,0.6497,0.5911,4/5,0.3093,11,15,4
Lockyer Valley,Lockyer Valley Regional Council,regional_city,34580,False,46058,3/3,1.0,0.0,0.1667,0.4417,3/3,0.5256,0.3718,0.1795,0.3853,3/3,0.3618,0.6644,0.8333,0.5469,0/1,,,3/3,0.25,0.5769,0.609,0.4542,0.397,4/5,0.6303,72,73,1
Logan,Logan City Council,seq_metro,34590,False,403515,1/3,,,0.0256,0.0256,3/3,0.5641,0.3718,0.0962,0.3798,3/3,0.0789,0.9658,0.9533,0.5199,1/1,1.0,1.0,3/3,0.8205,0.7628,0.8269,0.8019,0.4685,4/5,0.5575,51,66,15
Longreach,Longreach Regional Council,very_remote,34710,False,3741,3/3,1.0,1.0,0.8269,0.9567,3/3,0.1346,0.0513,0.3013,0.1471,3/3,0.6118,0.3082,0.3533,0.4691,0/1,,,3/3,0.8205,0.3782,0.2692,0.5279,0.4621,4/5,0.475,56,49,-7
Mackay,Mackay Regional Council,outer_regional,34770,False,129253,3/3,1.0,1.0,0.2885,0.8221,3/3,0.1603,0.3718,0.3269,0.276,3/3,0.0592,0.7329,0.8067,0.4108,1/1,0.0,0.0,3/3,0.6282,0.6603,0.5513,0.6202,0.446,5/5,0.5762,63,67,4
Mapoon,Mapoon Aboriginal Shire Council,indigenous,34830,True,494,3/3,1.0,0.0,0.5833,0.5458,3/3,0.8846,0.8782,0.8013,0.8615,3/3,0.9671,0.0479,0.14,0.5259,0/1,,,3/3,0.25,0.8974,0.8654,0.6304,0.5296,4/5,0.3093,23,16,-7
Maranoa,Maranoa Regional Council,remote,34860,False,13370,3/3,1.0,1.0,0.5064,0.8766,3/3,0.1987,0.0513,0.5449,0.2337,3/3,0.5329,0.3904,0.3933,0.4622,0/1,,,3/3,0.6282,0.3397,0.3397,0.4551,0.4501,4/5,0.5038,62,60,-2
Mareeba,Mareeba Shire Council,remote,34880,False,24205,3/3,1.0,1.0,0.4936,0.8734,3/3,0.6218,0.6667,0.6346,0.6407,3/3,0.4539,0.5411,0.7,0.5293,0/1,,,3/3,0.6282,0.4103,0.7628,0.5856,0.5638,4/5,0.3628,18,23,5
McKinlay,McKinlay Shire Council,very_remote,34800,False,850,3/3,1.0,1.0,0.8269,0.9567,3/3,0.0833,0.3718,0.1795,0.2083,3/3,0.6645,0.2397,0.22,0.4482,0/1,,,3/3,0.25,0.1218,0.0449,0.1538,0.4307,4/5,0.385,68,26,-42
Moreton Bay,City of Moreton Bay,seq_metro,35010,False,532445,3/3,1.0,0.0,0.0705,0.4176,3/3,0.2308,0.3718,0.0833,0.2433,3/3,0.4276,0.8973,0.9667,0.6763,1/1,1.0,1.0,3/3,0.6282,0.6923,0.6603,0.6587,0.5718,5/5,0.6254,15,72,57
Mornington,Mornington Shire Council,indigenous,35250,True,1099,3/3,1.0,0.0,0.8269,0.6067,3/3,0.8654,0.8782,0.8397,0.8635,3/3,0.7566,0.0205,0.1667,0.4178,0/1,,,3/3,0.25,0.8974,0.8526,0.6272,0.5124,4/5,0.2639,30,10,-20
Mount Isa,Mount Isa City Council,remote,35300,False,18585,3/3,1.0,1.0,0.6474,0.9119,3/3,0.3526,0.6667,0.6859,0.5458,3/3,0.2303,0.3767,0.6733,0.3628,1/1,0.0,0.0,3/3,0.25,0.5385,0.7179,0.4679,0.4928,5/5,0.3163,38,19,-19
Murweh,Murweh Shire Council,very_remote,35600,False,4004,3/3,1.0,1.0,0.8269,0.9567,3/3,0.5256,0.0513,0.5962,0.3772,3/3,0.5592,0.1164,0.42,0.3985,0/1,,,3/3,0.25,0.2244,0.5321,0.3115,0.4653,4/5,0.4413,53,43,-10
Napranum,Napranum Aboriginal Shire Council,indigenous,35670,True,952,3/3,1.0,0.0,0.5833,0.5458,3/3,0.8397,0.9551,0.8526,0.8833,3/3,0.9671,0.0068,0.1133,0.5083,0/1,,,3/3,0.25,0.1346,0.8141,0.3506,0.5007,4/5,0.3093,36,17,-19
Noosa,Noosa Shire Council,seq_metro,35740,False,59551,3/3,1.0,0.0,0.0256,0.4064,3/3,0.0321,0.3718,0.0064,0.1446,3/3,0.3224,0.9521,0.86,0.6188,1/1,1.0,1.0,3/3,0.6282,0.6346,0.4936,0.5968,0.5258,5/5,0.6933,27,76,49
North Burnett,North Burnett Regional Council,outer_regional,35760,False,10562,3/3,1.0,1.0,0.25,0.8125,3/3,0.7372,0.3718,0.391,0.5228,3/3,0.5197,0.3356,0.46,0.4526,0/1,,,3/3,0.25,0.1987,0.5192,0.2994,0.4734,4/5,0.445,47,47,0
Northern Peninsula Area,Northern Peninsula Area Regional Council,indigenous,35780,True,2944,3/3,1.0,0.0,0.8269,0.6067,3/3,0.8013,0.9551,0.8654,0.8712,2/3,0.7961,,0.9867,0.8505,0/1,,,3/3,0.25,0.3013,0.9679,0.4474,0.6258,3/5,0.1422,7,5,-2
Palm Island,Palm Island Aboriginal Shire Council,indigenous,35790,True,2335,3/3,1.0,0.0,0.5833,0.5458,3/3,0.8846,0.8782,0.9423,0.8968,3/3,0.8882,0.9384,0.3133,0.7883,0/1,,,3/3,0.25,0.25,0.891,0.4103,0.5933,4/5,0.1283,10,2,-8
Paroo,Paroo Shire Council,very_remote,35800,False,1724,3/3,1.0,1.0,0.8269,0.9567,3/3,0.7756,0.3718,0.7628,0.6311,3/3,0.6382,0.3562,0.2867,0.4833,0/1,,,3/3,0.25,0.0577,0.2372,0.1795,0.5283,4/5,0.3932,24,29,5
Pormpuraaw,Pormpuraaw Aboriginal Shire Council,indigenous,36070,True,650,3/3,1.0,0.0,0.8269,0.6067,3/3,0.9038,0.8782,0.8205,0.874,3/3,0.9079,0.1301,0.0733,0.5077,0/1,,,3/3,0.25,0.8974,0.9167,0.6433,0.5431,4/5,0.1351,21,4,-17
Quilpie,Quilpie Shire Council,very_remote,36150,False,720,3/3,1.0,1.0,0.8269,0.9567,3/3,0.1731,0.3718,0.6218,0.3548,3/3,0.6842,0.1027,0.1533,0.4036,0/1,,,3/3,0.25,0.0321,0.0321,0.1192,0.4431,4/5,0.3932,64,30,-34
Redland,Redland City Council,outer_regional,36250,False,172831,3/3,1.0,1.0,0.2628,0.8157,3/3,0.0449,0.0513,0.0577,0.0503,3/3,0.0329,0.9932,0.9133,0.4971,1/1,0.0,0.0,3/3,0.25,0.7436,0.6282,0.5173,0.4148,5/5,0.6108,71,70,-1
Richmond,Richmond Shire Council,very_remote,36300,False,788,3/3,1.0,1.0,0.8269,0.9567,3/3,0.109,0.3718,0.4038,0.2747,3/3,0.7434,0.1575,0.2067,0.4603,0/1,,,3/3,0.8205,0.109,0.0705,0.384,0.4706,4/5,0.385,49,27,-22
Rockhampton,Rockhampton Regional Council,regional_city,36370,False,85794,3/3,1.0,1.0,0.1667,0.7917,3/3,0.5064,0.3718,0.5192,0.4625,3/3,0.3355,0.8014,0.62,0.5322,1/1,0.0,0.0,3/3,0.9167,0.7436,0.5897,0.7744,0.5275,5/5,0.5844,25,68,43
Scenic Rim,Scenic Rim Regional Council,regional_city,36510,False,46947,3/3,1.0,0.0,0.0962,0.424,3/3,0.2885,0.3718,0.0705,0.2631,3/3,0.2697,0.6781,0.78,0.4943,0/1,,,3/3,0.8205,0.5962,0.25,0.5994,0.3669,4/5,0.5016,73,59,-14
Somerset,Somerset Regional Council,regional_city,36580,False,26936,1/3,,,0.109,0.109,3/3,0.5641,0.3718,0.1218,0.3862,3/3,0.4145,0.4726,0.82,0.513,0/1,,,3/3,0.6282,0.4679,0.4295,0.5224,0.3106,3/5,0.508,78,62,-16
South Burnett,South Burnett Regional Council,regional_city,36630,False,35111,3/3,1.0,1.0,0.1667,0.7917,3/3,0.7115,0.3718,0.3269,0.4965,3/3,0.2829,0.7877,0.6333,0.5044,0/1,,,3/3,0.6282,0.3141,0.2051,0.4125,0.4898,4/5,0.4209,39,37,-2
Southern Downs,Southern Downs Regional Council,regional_city,36660,False,38064,3/3,1.0,1.0,0.2244,0.8061,3/3,0.609,0.0513,0.2308,0.3192,3/3,0.1908,0.4041,0.7133,0.3593,0/1,,,3/3,0.6282,0.4936,0.3718,0.517,0.4249,4/5,0.4956,70,55,-15
Sunshine Coast,Sunshine Coast Regional Council,seq_metro,36720,False,381957,3/3,1.0,0.0,0.0833,0.4208,3/3,0.0577,0.3718,0.0449,0.1644,3/3,0.3487,0.9795,0.9267,0.6535,1/1,1.0,1.0,3/3,0.6282,0.6923,0.5513,0.6314,0.5473,5/5,0.7306,20,78,58
Tablelands,Tablelands Regional Council,outer_regional,36820,False,27902,3/3,1.0,1.0,0.3782,0.8446,3/3,0.4551,0.3718,0.4679,0.4292,3/3,0.2566,0.637,0.6533,0.4501,0/1,,,3/3,0.6282,0.5385,0.4551,0.5535,0.4873,4/5,0.495,41,54,13
Toowoomba,Toowoomba Regional Council,regional_city,36910,False,186276,3/3,1.0,1.0,0.1667,0.7917,3/3,0.3333,0.3718,0.141,0.2987,3/3,0.1776,0.7603,0.7667,0.4702,1/1,0.0,0.0,3/3,0.8205,0.609,0.6731,0.7096,0.4697,5/5,0.5048,50,61,11
Torres,Torres Shire Council,indigenous,36950,True,3490,3/3,1.0,1.0,0.8269,0.9567,3/3,0.7244,0.8782,0.7885,0.7942,3/3,0.5724,0.0616,0.4333,0.3913,0/1,,,3/3,0.6282,0.359,0.9038,0.6029,0.5757,4/5,0.3053,13,12,-1
Torres Strait Island,Torres Strait Island Regional Council,indigenous,36960,True,4298,3/3,1.0,1.0,0.8269,0.9567,3/3,0.8141,0.7436,0.9295,0.8183,3/3,0.9079,0.7466,0.2467,0.7273,0/1,,,3/3,0.25,0.4295,0.9936,0.4987,0.6709,4/5,0.2307,5,6,1
Townsville,Townsville City Council,outer_regional,37010,False,206260,3/3,1.0,1.0,0.3782,0.8446,3/3,0.2564,0.3718,0.4936,0.3561,3/3,0.0066,0.8151,0.7267,0.3931,1/1,1.0,1.0,3/3,0.9808,0.7244,0.6474,0.8077,0.6311,5/5,0.6645,6,74,68
Weipa,Weipa Town Authority,very_remote,37300,False,4297,1/3,,,0.8269,0.8269,3/3,0.0064,0.7436,0.6474,0.4247,0/3,,,,,0/1,,,3/3,0.25,0.8974,0.7179,0.5936,0.351,2/5,0.4296,75,39,-36
Western Downs,Western Downs Regional Council,outer_regional,37310,False,35452,3/3,1.0,1.0,0.2756,0.8189,3/3,0.5449,0.3718,0.4295,0.4554,3/3,0.4934,0.5,0.4867,0.494,0/1,,,3/3,0.8205,0.4551,0.3526,0.5756,0.5016,4/5,0.4188,33,32,-1
Whitsunday,Whitsunday Regional Council,outer_regional,37340,False,41374,3/3,1.0,1.0,0.4551,0.8638,3/3,0.3782,0.3718,0.2692,0.3487,3/3,0.2039,0.6096,0.6867,0.4222,0/1,,,3/3,0.9167,0.6474,0.6282,0.7503,0.4874,4/5,0.4447,40,46,6
Winton,Winton Shire Council,very_remote,37400,False,1152,3/3,1.0,1.0,0.8269,0.9567,3/3,0.2115,0.3718,0.4167,0.3189,3/3,0.6842,0.4452,0.1933,0.5143,0/1,,,3/3,0.25,0.1603,0.1026,0.1817,0.4754,4/5,0.4189,46,36,-10
Woorabinda,Woorabinda Aboriginal Shire Council,indigenous,37550,True,1087,1/3,,,0.3782,0.3782,3/3,0.9936,0.8782,0.9551,0.9436,0/3,,,,,0/1,,,3/3,0.25,0.8974,0.2692,0.4814,0.3314,2/5,0.4383,76,41,-35
Wujal Wujal,Wujal Wujal Aboriginal Shire Council,indigenous,37570,True,301,3/3,1.0,0.0,0.5833,0.5458,3/3,0.9551,0.8782,0.9679,0.9314,3/3,0.9671,0.5548,0.0067,0.6513,0/1,,,3/3,0.25,0.8974,0.8782,0.6337,0.5815,4/5,0.3093,12,18,6
Yarrabah,Yarrabah Aboriginal Shire Council,indigenous,37600,True,2669,3/3,1.0,0.0,0.3782,0.4946,3/3,0.9423,0.9872,0.9808,0.9676,3/3,0.875,0.1438,0.3667,0.554,0/1,,,3/3,0.25,0.2628,0.9551,0.4308,0.5264,4/5,0.2662,26,11,-15
