"short_name","council_name","abs_lga_name","abs_lga_code","stratum","is_local_government","is_indigenous_council","website","population_latest","population_latest_year","population_10yr_prior","census2021_total_persons","census2021_indigenous_persons","seifa_irsd_score","seifa_irsd_decile_aus","seifa_irsd_percentile_aus","seifa_irsd_decile_state","seifa_irsad_score","seifa_irsad_decile_aus","seifa_ier_score","seifa_ieo_score","median_age","median_personal_income_weekly","median_household_income_weekly","avg_household_size","avg_persons_per_bedroom","median_family_income_weekly","median_rent_weekly","median_mortgage_monthly","staff_data_year","staff_fte_indoor","staff_fte_outdoor","staff_fte_total","finance_data_year","total_operating_income_k","net_rates_and_utility_charges_k","employee_expenses_k","water_sewer_data_year","water_connections_total","water_connections_residential","sewerage_connections_total","adri_andri","adri_coping_capacity","adri_adaptive_capacity","adri_information_access","mean_remoteness_score","indigenous_share_pct","is_water_service_provider","above_soci_water_threshold","own_source_revenue_share","staff_per_1000_residents","adri_social_character","adri_economic_capital","adri_planning_build_environment","adri_emergency_services","adri_govt_leadership","adri_community_social_engagement","adri_community_capital","url_status","worst_remoteness_score","icfp_eligible","deamalgamated_2014","ai_status","ai_infrastructure_type","ai_source","water_utility","water_control_tier","water_connections_2023_24","meets_soci_threshold","has_published_ai_governance_policy","ai_detail","ai_region","ai_policy_scan_result","ai_policy_url","airports_total","airports_council_operated","airports_external","has_lifeline_airstrip","airport_control_tier","roads_data_year","road_km_rural","road_km_urban","road_km_total","waste_data_year","waste_properties_serviced","waste_tonnes_domestic","waste_collection_cost_k","isolated_power_network","isolated_power_confidence","indoor_staff_share","water_connections_best","water_connections_vintage","ai_deployment_confirmed"
"Aurukun","Aurukun Shire Council","Aurukun","30250","indigenous","True","True","https://www.aurukun.qld.gov.au","1165","2025","1321","1101","977","501","1","2","1","700","1","546","833","29","331","1069","3.9","1.2","785","125","0","2015_16","40","42","82","2015_16","19343","726","6422","2015_16","413","397","413","0.0","0.0369","0.0","0.0091","5.0","88.7","True","False","0.038","70.39","0.1892","0.0544","0.3148","0.2325","0.1021","0.0419","0.0623","verified","5","True","False","No evidence found","","","","","","False","False","Searched; no AI-infrastructure deployment located in public sources as of 29 Aug 2026. Does not prove absence — only that none was found in sources checked.","Far North Queensland","NOT FOUND","","1","1","0","True","lifeline","2015_16","65.0","20.0","85.0","2015_16","366.0","50.0","45.0","True","verified — named on ergon.com.au","0.488","413","2015_16","False"
"Balonne","Balonne Shire Council","Balonne","30300","remote","True","False","https://www.balonne.qld.gov.au","4350","2025","4610","4320","884","943","3","26","5","929","4","942","929","40","780","1358","2.4","0.8","1704","200","1169","2015_16","32","53","85","2015_16","20356","9311","5906","2015_16","1664","1336","1420","0.4122","0.3994","0.3963","0.085","4.0","20.5","True","False","0.457","19.54","0.6548","0.4607","0.6117","0.389","0.4774","0.3701","0.4699","verified (blocks bots)","4","False","False","No evidence found","","","","","","False","","Searched; no AI-infrastructure deployment located in public sources as of 29 Aug 2026. Does not prove absence — only that none was found in sources checked.","Darling Downs-South West","not checked","","2","2","0","True","lifeline","2015_16","2538.0","67.0","2605.0","2015_16","1436.0","1850.0","360.0","False","grid-connected (not on Ergon list)","0.376","1664","2015_16","False"
"Banana","Banana Shire Council","Banana","30370","outer_regional","True","False","https://www.banana.qld.gov.au","15144","2025","14707","14513","737","992","7","61","8","954","6","998","909","38","856","1766","2.5","0.8","2138","240","1300","2015_16","100","147","247","2015_16","64856","31889","21611","2015_16","5466","4417","3957","0.4395","0.4099","0.4284","0.1157","3.0","5.1","True","False","0.492","16.31","0.8475","0.4369","0.5216","0.4128","0.4264","0.5099","0.4501","verified (blocks bots)","3","False","False","No evidence found","","","","","","False","","Searched; no AI-infrastructure deployment located in public sources as of 29 Aug 2026. Does not prove absence — only that none was found in sources checked.","Central Queensland","not checked","","1","1","0","False","council-operated","2015_16","3826.0","162.0","3988.0","2015_16","","2964.0","3668.0","False","grid-connected (not on Ergon list)","0.405","5466","2015_16","False"
"Barcaldine","Barcaldine Regional Council","Barcaldine","30410","very_remote","True","False","https://www.barcaldinerc.qld.gov.au","2937","2025","3082","2849","220","1002","7","68","9","971","7","989","956","43","858","1418","2.3","0.7","1962","163","1083","2015_16","37","118","155","2015_16","23907","6129","8983","2015_16","1502","1261","964","0.4428","0.4309","0.4202","0.0842","5.0","7.7","True","False","0.256","52.77","0.8073","0.426","0.5404","0.4515","0.6057","0.2209","0.5195","verified (blocks bots)","5","False","False","No evidence found","","","","","","False","False","Searched; no AI-infrastructure deployment located in public sources as of 29 Aug 2026. Does not prove absence — only that none was found in sources checked.","Central Queensland","NOT FOUND","","1","1","0","False","council-operated","2015_16","2921.0","65.0","2986.0","2015_16","1314.0","2390.0","274.0","False","grid-connected (not on Ergon list)","0.239","1502","2015_16","False"
"Barcoo","Barcoo Shire Council","Barcoo","30450","very_remote","True","False","https://www.barcoo.qld.gov.au","321","2025","296","308","26","988","6","57","8","959","6","1002","879","38","991","1875","2.3","0.8","2374","100","2000","2015_16","29","40","69","2015_16","15549","1146","4933","2015_16","235","231","0","0.4189","0.3681","0.4241","0.0882","5.0","8.4","True","False","0.074","214.95","0.7411","0.4701","0.4698","0.357","0.6176","0.2098","0.4284","verified","5","False","False","No evidence found","","","","","","False","","Searched; no AI-infrastructure deployment located in public sources as of 29 Aug 2026. Does not prove absence — only that none was found in sources checked.","Central Queensland","not checked","","1","1","0","False","council-operated","2015_16","1649.0","17.0","1666.0","2015_16","133.0","","65.0","True","verified — named on ergon.com.au","0.42","235","2015_16","False"
"Blackall Tambo","Blackall-Tambo Regional Council","Blackall Tambo","30760","very_remote","True","False","https://www.btrc.qld.gov.au","1975","2025","2035","1905","110","961","4","38","6","930","4","976","903","48","729","1254","2.3","0.8","1557","157","867","2015_16","36","72","108","2015_16","18670","4577","6859","2015_16","1000","735","877","0.4428","0.4309","0.4202","0.0842","5.0","5.8","True","False","0.245","54.68","0.8073","0.426","0.5404","0.4515","0.6057","0.2209","0.5195","verified (blocks bots)","5","False","False","No evidence found","","","","","","False","","Searched; no AI-infrastructure deployment located in public sources as of 29 Aug 2026. Does not prove absence — only that none was found in sources checked.","Central Queensland","not checked","","1","1","0","False","council-operated","2015_16","1826.0","41.0","1867.0","2015_16","736.0","1100.0","203.0","False","grid-connected (not on Ergon list)","0.333","1000","2015_16","False"
"Boulia","Boulia Shire Council","Boulia","30900","very_remote","True","False","https://www.boulia.qld.gov.au","489","2025","459","458","138","878","1","10","3","890","2","864","898","33","1006","1490","2.5","1","1875","125","1020","2015_16","16","26","42","2015_16","14322","1203","3249","2015_16","255","207","229","0.4189","0.3681","0.4241","0.0882","5.0","30.1","True","False","0.084","85.89","0.7411","0.4701","0.4698","0.357","0.6176","0.2098","0.4284","verified (blocks bots)","5","False","False","No evidence found","","","","","","False","","Searched; no AI-infrastructure deployment located in public sources as of 29 Aug 2026. Does not prove absence — only that none was found in sources checked.","Central Queensland","not checked","","1","1","0","False","council-operated","2015_16","1318.0","11.0","1329.0","2015_16","140.0","131.0","105.0","True","verified — named on ergon.com.au","0.381","255","2015_16","False"
"Brisbane","Brisbane City Council","Brisbane","31000","seq_metro","True","False","https://www.brisbane.qld.gov.au","1375301","2025","1165437","1242825","22940","1045","9","89","10","1061","9","1012","1076","36","947","2068","2.5","0.8","2474","408","2019","2015_16","4662","2896","7558","2015_16","1898089","936874","654868","2015_16","0","","0","0.708","0.6171","0.6652","0.6179","1.0","1.8","False","False","0.494","5.5","0.5723","0.7568","0.5223","0.3881","0.6988","0.5745","0.6074","verified","1","False","False","Confirmed AI","Traffic management","ABC News (21 Aug 2026)","Urban Utilities","bulk-authority (dependent)","676983","True","False","$15M, two-year AI corridor traffic-coordination trial (Aug 2026), extending beyond single intersections into the traffic management system itself.","South East Queensland","NOT FOUND","","1","0","1","False","external","2015_16","0.0","5679.0","5679.0","2015_16","479765.0","292614.0","38079.0","False","grid-connected (not on Ergon list)","0.617","676983","2023_24","True"
"Bulloo","Bulloo Shire Council","Bulloo","31750","very_remote","True","False","https://www.bulloo.qld.gov.au","347","2025","372","337","39","990","6","59","8","942","5","972","873","36","960","1625","2.5","0.9","1968","153","696","2015_16","33","33","66","2015_16","13846","4337","5177","2015_16","174","121","136","0.3932","0.3602","0.3927","0.0702","5.0","11.6","True","False","0.313","190.2","0.6583","0.3959","0.47","0.4428","0.5725","0.2157","0.4413","verified (blocks bots)","5","False","False","No evidence found","","","","","","False","","Searched; no AI-infrastructure deployment located in public sources as of 29 Aug 2026. Does not prove absence — only that none was found in sources checked.","Darling Downs-South West","not checked","","1","1","0","False","council-operated","2015_16","1977.0","13.0","1990.0","2015_16","113.0","82.0","80.0","False","grid-connected (not on Ergon list)","0.5","174","2015_16","False"
"Bundaberg","Bundaberg Regional Council","Bundaberg","31820","regional_city","True","False","https://www.bundaberg.qld.gov.au","107297","2025","94028","99215","4963","924","2","19","4","898","2","954","891","47","594","1157","2.4","0.8","1427","285","1300","2015_16","354","439","793","2015_16","168171","128543","64527","2015_16","34810","Separate analysis not available","37991","0.4964","0.4696","0.4694","0.3714","2.0","5.0","True","False","0.764","7.39","0.5174","0.6118","0.4689","0.4268","0.539","0.4284","0.4786","verified (blocks bots)","2","False","False","No evidence found","","","Bundaberg Regional Council","direct (council-operated)","34398","False","False","Searched; no AI-infrastructure deployment located in public sources as of 29 Aug 2026. Does not prove absence — only that none was found in sources checked.","Wide Bay-Burnett","NOT FOUND","","1","1","0","False","council-operated","2015_16","2365.0","674.0","3039.0","2015_16","42589.0","28546.0","4193.0","False","grid-connected (not on Ergon list)","0.446","34398","2023_24","False"
"Burdekin","Burdekin Shire Council","Burdekin","31900","outer_regional","True","False","https://www.burdekin.qld.gov.au","17220","2025","17566","16692","1097","966","5","42","7","923","3","969","890","45","723","1345","2.3","0.8","1804","222","1220","2015_16","110","131","241","2015_16","47265","37289","17924","2015_16","6533","5483","7553","0.5011","0.4425","0.4947","0.0927","3.0","6.6","True","False","0.789","14.0","0.7578","0.5984","0.6516","0.4153","0.497","0.5424","0.3821","verified (blocks bots)","3","False","False","No evidence found","","","","","","False","","Searched; no AI-infrastructure deployment located in public sources as of 29 Aug 2026. Does not prove absence — only that none was found in sources checked.","Townsville-North West","not checked","","","","","","","2015_16","968.0","178.0","1146.0","2015_16","7072.0","3390.0","1788.0","False","grid-connected (not on Ergon list)","0.456","6533","2015_16","False"
"Burke","Burke Shire Council","Burke","31950","very_remote","True","False","https://www.burke.qld.gov.au","449","2025","396","419","136","941","3","25","5","928","4","899","927","35","884","1312","2.3","1","2125","150","477","2015_16","12","36","48","2015_16","12762","3628","3923","2015_16","197","121","112","0.2639","0.2123","0.2905","0.0483","5.0","32.5","True","False","0.284","106.9","0.5313","0.4003","0.3512","0.45","0.4513","0.1848","0.0745","verified (blocks bots)","5","False","False","No evidence found","","","","","","False","","Searched; no AI-infrastructure deployment located in public sources as of 29 Aug 2026. Does not prove absence — only that none was found in sources checked.","Townsville-North West","not checked","","1","1","0","True","lifeline","2015_16","703.0","10.0","713.0","2015_16","97.0","175.0","297.0","True","verified — named on ergon.com.au","0.25","197","2015_16","False"
"Cairns","Cairns Regional Council","Cairns","32080","outer_regional","True","False","https://www.cairns.qld.gov.au","179334","2025","159944","166943","16153","981","6","52","7","966","7","971","972","39","809","1578","2.5","0.8","1950","340","1588","2015_16","634","486","1120","2015_16","281273","241265","92450","2015_16","68686","63898","64860","0.6004","0.467","0.6171","0.3686","3.0","9.7","True","False","0.858","6.25","0.6614","0.6933","0.4914","0.4559","0.6623","0.5388","0.2951","verified (blocks bots)","3","False","False","AI-adjacent (IoT/smart, no AI confirmed) + AI governance policy exists","Water metering; AI governance","Cairns Regional Council AI General Policy PDF; Itron press release (14 Nov 2017)","Cairns Regional Council","direct (council-operated)","76270","False","True","Published Council AI General Policy (governance framework, not infrastructure deployment). Smart water meters (Itron OpenWay Riva, 55,000 units) — IoT leak detection; no AI-specific decisioning in physical infrastructure confirmed.","Far North Queensland","YES","https://www.cairns.qld.gov.au/__data/assets/pdf_file/0012/737787/Artificial-Intelligence-General-Policy.pdf","1","0","1","False","external","2015_16","413.0","913.0","1326.0","2015_16","70272.0","49681.0","3997.0","False","grid-connected (not on Ergon list)","0.566","76270","2023_24","False"
"Carpentaria","Carpentaria Shire Council","Carpentaria","32250","very_remote","True","False","https://www.carpentaria.qld.gov.au","2247","2025","2092","2090","871","851","1","8","3","862","1","837","852","36","770","1469","2.5","1.1","1704","173","1128","2015_16","40","51","91","2015_16","47276","6987","9927","2015_16","884","735","759","0.2639","0.2123","0.2905","0.0483","5.0","41.7","True","False","0.148","40.5","0.5313","0.4003","0.3512","0.45","0.4513","0.1848","0.0745","verified (blocks bots)","5","False","False","No evidence found","","","","","","False","","Searched; no AI-infrastructure deployment located in public sources as of 29 Aug 2026. Does not prove absence — only that none was found in sources checked.","Townsville-North West","not checked","","2","2","0","True","lifeline","2015_16","1601.0","37.0","1638.0","2015_16","689.0","","480.0","False","grid-connected (not on Ergon list)","0.44","884","2015_16","False"
"Cassowary Coast","Cassowary Coast Regional Council","Cassowary Coast","32260","outer_regional","True","False","https://www.cassowarycoast.qld.gov.au","30666","2025","29098","29157","3206","929","3","21","4","902","2","941","888","46","647","1204","2.3","0.8","1475","250","1300","2015_16","117","202","319","2015_16","74153","61422","23701","2015_16","12786","10920","5972","0.5236","0.3875","0.5594","0.0899","3.0","11.0","True","False","0.828","10.4","0.6248","0.581","0.502","0.4456","0.6175","0.493","0.3613","verified (blocks bots)","3","False","False","State-deployed AI within LGA (not council-operated)","Road safety — wildlife detection","ABC News (30 Jul 2025)","Cassowary Coast Regional Council","direct (council-operated)","13503","False","","Department of Transport and Main Roads (state government, not council) trialled an AI-based ""Large Animal Activated Roadside Monitoring and Alert System"" to detect cassowaries near roads and warn drivers, reducing cassowary deaths by over a third. Physically located within the Cassowary Coast LGA but deployed and operated by the state government, not the council.","Far North Queensland","not checked","","","","","","","2015_16","1012.0","200.0","1212.0","2015_16","11764.0","9280.0","1380.0","False","grid-connected (not on Ergon list)","0.367","13503","2023_24","False"
"Central Highlands","Central Highlands Regional Council","Central Highlands (Qld)","32270","remote","True","False","https://chrc.qld.gov.au","29481","2025","29143","27836","1639","996","7","64","9","961","6","1003","914","34","1011","2095","2.6","0.8","2443","250","1500","2015_16","208","229","437","2015_16","123076","80509","38150","2015_16","12106","10557","15724","0.4758","0.4274","0.468","0.125","3.694","5.9","True","False","0.654","14.82","0.7305","0.4723","0.6114","0.4263","0.5753","0.3702","0.469","verified (hand-resolved)","4","False","False","No evidence found","","","Central Highlands Regional Council","direct (council-operated)","12362","False","False","Searched; no AI-infrastructure deployment located in public sources as of 29 Aug 2026. Does not prove absence — only that none was found in sources checked.","Central Queensland","YES","https://chrc.qld.gov.au/wp-content/uploads/2025/11/ECM_1891688_v2_Draft-CHRC-Use-of-Generative-AI-Tools-Policy-Version-1-0-CHRC-ICT-19-March-2025.pdf","2","2","0","False","council-operated","2015_16","4199.0","390.0","4589.0","2015_16","9885.0","10946.0","1950.0","False","grid-connected (not on Ergon list)","0.476","12362","2023_24","False"
"Charters Towers","Charters Towers Regional Council","Charters Towers","32310","remote","True","False","https://www.charterstowers.qld.gov.au","12088","2025","12235","11794","1143","933","3","22","4","908","2","945","894","42","669","1307","2.4","0.8","1734","220","1300","2015_16","77","134","211","2015_16","35300","20792","18354","2015_16","4717","3737","3230","0.4937","0.4168","0.5001","0.0869","3.999","9.7","True","False","0.589","17.46","0.8939","0.5552","0.474","0.4055","0.5479","0.4785","0.3891","verified (blocks bots)","4","False","False","No evidence found","","","","","","False","","Searched; no AI-infrastructure deployment located in public sources as of 29 Aug 2026. Does not prove absence — only that none was found in sources checked.","Townsville-North West","not checked","","","","","","","2015_16","3109.0","138.0","3247.0","2015_16","4352.0","2235.0","398.0","False","grid-connected (not on Ergon list)","0.365","4717","2015_16","False"
"Cherbourg","Cherbourg Aboriginal Shire Council","Cherbourg","32330","indigenous","True","True","https://www.cherbourg.qld.gov.au","1289","2025","1304","1194","1151","498","1","2","1","660","1","561","814","23","375","793","3.4","1","803","100","0","2015_16","","","","2015_16","6464","0","3225","2015_16","","","","0.384","0.2963","0.4153","0.0797","2.0","96.4","","","0.0","","0.4521","0.5127","0.4226","0.4105","0.496","0.3818","0.2906","verified (blocks bots)","2","True","False","Confirmed AI","Waste/recycling facility","Noosa Shire Council media release (Oct 2021); Council Magazine; South Burnett Times","","","","False","","AI computer-vision system (3D cameras + ML) automatically identifying and counting recyclable items at Cherbourg's Material Recovery Facility. Developed with Noosa's Peregian Digital Hub, Advance Queensland and the Indigenous Land and Sea Corporation (2021 onward).","Wide Bay-Burnett","not checked","","","","","","","2015_16","58.0","12.0","70.0","2015_16","","","","False","grid-connected (not on Ergon list)","","","","True"
"Cloncurry","Cloncurry Shire Council","Cloncurry","32450","remote","True","False","https://www.cloncurry.qld.gov.au","3907","2025","3179","3644","868","965","5","41","6","939","4","936","903","34","1190","1879","2.5","0.8","2321","220","1200","2015_16","49","56","105","2015_16","25545","13460","6550","2015_16","1176","1003","917","0.3273","0.312","0.3274","0.1097","4.0","23.8","True","False","0.527","26.87","0.7066","0.466","0.4084","0.4478","0.452","0.263","0.2171","verified (blocks bots)","4","False","False","No evidence found","","","","","","False","","Searched; no AI-infrastructure deployment located in public sources as of 29 Aug 2026. Does not prove absence — only that none was found in sources checked.","Townsville-North West","not checked","","1","1","0","False","council-operated","2015_16","1486.0","85.0","1571.0","2015_16","986.0","","","False","grid-connected (not on Ergon list)","0.467","1176","2015_16","False"
"Cook","Cook Shire Council","Cook","32500","remote","True","False","https://www.cook.qld.gov.au","4876","2025","4217","4511","951","913","2","16","4","912","3","885","937","42","669","1159","2.3","1","1494","200","1300","2015_16","51","65","116","2015_16","17943","6564","8528","2015_16","1049","920","724","0.3093","0.2935","0.3123","0.0569","4.0","21.1","True","False","0.366","23.79","0.5131","0.4869","0.453","0.4082","0.473","0.1986","0.2582","verified","5","False","False","No evidence found","","","","","","False","False","Searched; no AI-infrastructure deployment located in public sources as of 29 Aug 2026. Does not prove absence — only that none was found in sources checked.","Far North Queensland","NOT FOUND","","2","2","0","False","council-operated","2015_16","2837.0","90.0","2927.0","2015_16","1134.0","2739.0","1596.0","True","verified — named on ergon.com.au","0.44","1049","2015_16","False"
"Croydon","Croydon Shire Council","Croydon","32600","very_remote","True","False","https://www.croydon.qld.gov.au","273","2025","297","266","76","876","1","10","3","890","2","839","867","35","819","1375","2.7","1","1937","148","0","2015_16","11","22","33","2015_16","10931","609","4037","2015_16","7","2","0","0.3402","0.3357","0.3323","0.0812","5.0","28.6","True","False","0.056","120.88","0.9877","0.4113","0.2915","0.3043","0.4845","0.224","0.4067","verified (blocks bots)","5","False","False","No evidence found","","","","","","False","","Searched; no AI-infrastructure deployment located in public sources as of 29 Aug 2026. Does not prove absence — only that none was found in sources checked.","Far North Queensland","not checked","","","","","","","2015_16","1042.0","46.0","1088.0","2015_16","105.0","110.0","37.0","False","grid-connected (not on Ergon list)","0.333","7","2015_16","False"
"Diamantina","Diamantina Shire Council","Diamantina","32750","very_remote","True","False","https://www.diamantina.qld.gov.au","265","2025","301","266","58","952","4","31","6","942","5","884","898","39","1074","1792","2.1","0.9","2187","140","953","2015_16","22","36","58","2015_16","19637","919","4343","2015_16","N/A","N/A","0","0.4189","0.3681","0.4241","0.0882","5.0","21.8","","","0.047","218.87","0.7411","0.4701","0.4698","0.357","0.6176","0.2098","0.4284","verified (blocks bots)","5","False","False","No evidence found","","","","","","False","","Searched; no AI-infrastructure deployment located in public sources as of 29 Aug 2026. Does not prove absence — only that none was found in sources checked.","Central Queensland","not checked","","2","2","0","False","council-operated","2015_16","1037.0","24.0","1061.0","2015_16","104.0","135.0","112.0","True","verified — named on ergon.com.au","0.379","","","False"
"Doomadgee","Doomadgee Aboriginal Shire Council","Doomadgee","32770","indigenous","True","True","https://www.doomadgee.qld.gov.au","1484","2025","1454","1387","1238","534","1","3","1","696","1","580","846","25","354","1223","4.2","1.5","882","120","737","2015_16","","","0","2015_16","12949","557","3483","2015_16","","","","0.2639","0.2123","0.2905","0.0483","5.0","89.3","","","0.043","0.0","0.5313","0.4003","0.3512","0.45","0.4513","0.1848","0.0745","verified","5","True","False","No evidence found","","","","","","False","","Searched; no AI-infrastructure deployment located in public sources as of 29 Aug 2026. Does not prove absence — only that none was found in sources checked.","Townsville-North West","not checked","","1","1","0","True","lifeline","2015_16","98.0","15.0","113.0","2015_16","","","","True","verified — named on ergon.com.au","","","","False"
"Douglas","Douglas Shire Council","Douglas","32810","outer_regional","True","False","https://douglas.qld.gov.au/","13169","2025","11877","12337","1039","979","6","51","7","944","5","967","936","46","736","1310","2.3","0.8","1682","310","1517","2015_16","77","84","161","2015_16","37674","29471","12252","2015_16","8822","7623","8103","0.5371","0.408","0.5659","0.1477","3.0","8.4","True","False","0.782","12.23","0.6113","0.6633","0.6211","0.3946","0.6258","0.4929","0.2958","verified","3","False","True","No evidence found","","","","","","False","","Searched; no AI-infrastructure deployment located in public sources as of 29 Aug 2026. Does not prove absence — only that none was found in sources checked.","Far North Queensland","not checked","","","","","","","2015_16","308.0","64.0","372.0","2015_16","7578.0","4647.0","488.0","False","grid-connected (not on Ergon list)","0.478","8822","2015_16","False"
"Etheridge","Etheridge Shire Council","Etheridge","33100","very_remote","True","False","https://www.etheridge.qld.gov.au","727","2025","818","714","46","982","6","53","7","961","6","968","949","46","744","1145","2.2","1","1441","160","758","2015_16","24","29","53","2015_16","14116","2643","4428","2015_16","236","200","0","0.3402","0.3357","0.3323","0.0812","5.0","6.4","True","False","0.187","72.9","0.9877","0.4113","0.2915","0.3043","0.4845","0.224","0.4067","verified (blocks bots)","5","False","False","No evidence found","","","","","","False","","Searched; no AI-infrastructure deployment located in public sources as of 29 Aug 2026. Does not prove absence — only that none was found in sources checked.","Far North Queensland","not checked","","","","","","","2015_16","1706.0","51.0","1757.0","2015_16","135.0","265.0","45.0","False","grid-connected (not on Ergon list)","0.453","236","2015_16","False"
"Flinders","Flinders Shire Council","Flinders (Qld)","33200","very_remote","True","False","https://www.flinders.qld.gov.au","1545","2025","1643","1500","169","970","5","44","7","945","5","960","930","42","821","1343","2.3","0.8","1743","160","758","2015_16","30","57","87","2015_16","17842","3575","6148","2015_16","951","705","785","0.385","0.4024","0.3565","0.0998","5.0","11.3","True","False","0.2","56.31","0.8157","0.4996","0.517","0.4485","0.4973","0.2562","0.3629","verified (blocks bots)","5","False","False","No evidence found","","","","","","False","","Searched; no AI-infrastructure deployment located in public sources as of 29 Aug 2026. Does not prove absence — only that none was found in sources checked.","Townsville-North West","not checked","","1","1","0","True","lifeline","2015_16","1947.0","45.0","1992.0","2015_16","592.0","1146.0","166.0","False","grid-connected (not on Ergon list)","0.345","951","2015_16","False"
"Fraser Coast","Fraser Coast Regional Council","Fraser Coast","33220","regional_city","True","False","https://www.frasercoast.qld.gov.au","122924","2025","102129","111032","5647","915","2","17","4","890","2","954","886","51","533","1062","2.3","0.7","1293","300","1300","2015_16","376","326","702","2015_16","204006","158668","50110","2015_16","38392","35698","32229","0.4294","0.3881","0.4267","0.129","2.388","5.1","True","False","0.778","5.71","0.5134","0.6716","0.3662","0.4346","0.4777","0.4323","0.4312","verified (blocks bots)","3","False","False","No evidence found","","","Fraser Coast Regional Council","direct (council-operated)","42799","False","False","Searched; no AI-infrastructure deployment located in public sources as of 29 Aug 2026. Does not prove absence — only that none was found in sources checked.","Wide Bay-Burnett","NOT FOUND","","1","1","0","False","council-operated","2015_16","1491.0","1118.0","2609.0","2015_16","41323.0","33438.0","4695.0","False","grid-connected (not on Ergon list)","0.536","42799","2023_24","False"
"Gladstone","Gladstone Regional Council","Gladstone","33360","regional_city","True","False","https://www.gladstone.qld.gov.au","69046","2025","63697","63515","3946","954","4","33","6","926","3","975","898","38","758","1639","2.5","0.8","2048","275","1600","2015_16","397","244","641","2015_16","191397","138619","54837","2015_16","22625","20796","22931","0.5146","0.4544","0.5061","0.1358","2.0","6.2","True","False","0.724","9.28","0.652","0.6665","0.5582","0.4304","0.5203","0.5313","0.435","verified (blocks bots)","2","False","False","No evidence found","","","Gladstone Regional Council","direct (council-operated)","26362","False","False","Searched; no AI-infrastructure deployment located in public sources as of 29 Aug 2026. Does not prove absence — only that none was found in sources checked.","Central Queensland","NOT FOUND","","1","1","0","False","council-operated","2015_16","2146.0","496.0","2642.0","2015_16","24761.0","16471.0","2464.0","False","grid-connected (not on Ergon list)","0.619","26362","2023_24","False"
"Gold Coast","City of Gold Coast","Gold Coast","33430","seq_metro","True","False","https://www.goldcoast.qld.gov.au/Home","691230","2025","561629","625087","13593","1019","8","77","10","1009","9","1015","1001","39","787","1691","2.5","0.8","2010","450","1950","2015_16","2522","1258","3780","2015_16","1198445","1007970","311137","2015_16","247246","231221","235500","0.6906","0.6044","0.6508","0.56","1.0","2.2","True","True","0.841","5.47","0.6191","0.7539","0.5803","0.3963","0.699","0.5482","0.5069","verified","1","False","False","AI-adjacent (IoT/smart, no AI confirmed)","Flood monitoring","HiLo Monitoring","City of Gold Coast","direct (council-operated)","279107","True","False","HiLo flood monitoring sites, FWIN-funded. HiLo markets predictive/AI-enabled sensing generally, but Gold Coast-specific AI decisioning not independently confirmed in sources found.","South East Queensland","NOT FOUND","","1","0","1","False","external","2015_16","677.0","2562.0","3239.0","2015_16","227812.0","208729.0","29399.0","False","grid-connected (not on Ergon list)","0.667","279107","2023_24","False"
"Goondiwindi","Goondiwindi Regional Council","Goondiwindi","33610","outer_regional","True","False","https://www.grc.qld.gov.au","10438","2025","10835","10310","803","965","4","40","6","938","4","976","921","40","754","1394","2.5","0.8","1735","250","1300","2015_16","54","101","155","2015_16","32017","18578","12053","2015_16","4144","3291","3444","0.4297","0.3314","0.4599","0.102","3.0","7.8","True","False","0.58","14.85","0.6729","0.4147","0.516","0.3868","0.5132","0.4483","0.3144","verified (blocks bots)","3","False","False","No evidence found","","","","","","False","","Searched; no AI-infrastructure deployment located in public sources as of 29 Aug 2026. Does not prove absence — only that none was found in sources checked.","Darling Downs-South West","not checked","","","","","","","2015_16","2346.0","138.0","2484.0","2015_16","4126.0","6012.0","467.0","False","grid-connected (not on Ergon list)","0.348","4144","2015_16","False"
"Gympie","Gympie Regional Council","Gympie","33620","regional_city","True","False","https://www.gympie.qld.gov.au","58487","2025","49540","53242","2331","930","3","21","4","896","2","972","889","48","554","1115","2.4","0.8","1359","290","1327","2015_16","243","220","463","2015_16","79891","62212","29742","2015_16","14312","12869","12356","0.4848","0.4372","0.475","0.1948","2.0","4.4","True","False","0.779","7.92","0.6286","0.6084","0.3976","0.4373","0.5199","0.4691","0.5486","verified (blocks bots)","2","False","False","No evidence found","","","Gympie Regional Council","direct (council-operated)","15234","False","","Searched; no AI-infrastructure deployment located in public sources as of 29 Aug 2026. Does not prove absence — only that none was found in sources checked.","Wide Bay-Burnett","not checked","","","","","","","2015_16","1963.0","320.0","2283.0","2015_16","19190.0","16502.0","2879.0","False","grid-connected (not on Ergon list)","0.525","15234","2023_24","False"
"Hinchinbrook","Hinchinbrook Shire Council","Hinchinbrook","33800","outer_regional","True","False","https://www.hinchinbrook.qld.gov.au","11194","2025","11181","10920","756","954","4","33","6","911","3","953","884","51","644","1158","2.2","0.7","1555","200","1170","2015_16","80","95","175","2015_16","36734","24140","13267","2015_16","5182","4183","2832","0.5016","0.4328","0.5014","0.078","3.0","6.9","True","False","0.657","15.63","0.7393","0.549","0.634","0.4128","0.4992","0.5532","0.4225","verified","3","False","False","No evidence found","","","","","","False","","Searched; no AI-infrastructure deployment located in public sources as of 29 Aug 2026. Does not prove absence — only that none was found in sources checked.","Townsville-North West","not checked","","","","","","","2015_16","601.0","92.0","693.0","2015_16","5545.0","3767.0","951.0","False","grid-connected (not on Ergon list)","0.457","5182","2015_16","False"
"Hope Vale","Hope Vale Aboriginal Shire Council","Hope Vale","33830","indigenous","True","True","https://www.hopevale.qld.gov.au","1073","2025","1009","976","863","631","1","5","2","722","1","634","815","28","386","836","3.1","1.1","874","120","975","2015_16","15","82","97","2015_16","19236","0","5292","2015_16","0","","0","0.3093","0.2935","0.3123","0.0569","4.0","88.4","False","False","0.0","90.4","0.5131","0.4869","0.453","0.4082","0.473","0.1986","0.2582","verified (blocks bots)","4","True","False","No evidence found","","","","","","False","","Searched; no AI-infrastructure deployment located in public sources as of 29 Aug 2026. Does not prove absence — only that none was found in sources checked.","Far North Queensland","not checked","","","","","","","2015_16","118.0","14.0","132.0","2015_16","257.0","1185.0","181.0","False","grid-connected (not on Ergon list)","0.155","0","2015_16","False"
"Ipswich","Ipswich City Council","Ipswich","33960","seq_metro","True","False","https://www.ipswich.qld.gov.au","268272","2025","194274","229208","12509","958","4","35","6","940","4","980","934","33","795","1668","2.8","0.8","1936","330","1600","2015_16","653","378","1031","2015_16","275954","164742","79786","2015_16","0","","0","0.4865","0.4664","0.4583","0.6021","1.008","5.5","False","False","0.597","3.84","0.5871","0.7021","0.4207","0.4345","0.5229","0.4296","0.217","verified (blocks bots)","2","False","False","No evidence found","","Shape Your Ipswich privacy statement","Urban Utilities","bulk-authority (dependent)","676983","True","False","No AI-infrastructure deployment found in sources searched. Council uses AI in a resident-engagement platform (Shape Your Ipswich) for content moderation/summarisation only — not physical infrastructure.","South East Queensland","DISCLOSURE ONLY","https://www.ipswich.qld.gov.au/files/assets/public/v/1/about-council/media-and-publications/corporate-publications/privacy-statement/documents/personalinformationdigest_2025.pdf","","","","","","2015_16","573.0","1176.0","1749.0","2015_16","69343.0","49597.0","7574.0","False","grid-connected (not on Ergon list)","0.633","676983","2023_24","False"
"Isaac","Isaac Regional Council","Isaac","33980","outer_regional","True","False","https://www.isaac.qld.gov.au","23186","2025","22173","22046","1164","1012","8","74","9","971","7","993","905","34","1314","2420","2.6","0.8","2910","113","1213","2015_16","205","182","387","2015_16","96322","75896","31185","2015_16","N/A","N/A","0","0.4734","0.4533","0.4491","0.1288","3.471","5.3","","","0.788","16.69","0.7551","0.4822","0.6433","0.4178","0.5049","0.4383","0.5184","verified (blocks bots)","4","False","False","No evidence found","","","","","","False","","Searched; no AI-infrastructure deployment located in public sources as of 29 Aug 2026. Does not prove absence — only that none was found in sources checked.","Mackay-Whitsunday-Isaac","not checked","","3","3","0","False","council-operated","2015_16","3057.0","197.0","3254.0","2015_16","8894.0","8351.0","1373.0","False","grid-connected (not on Ergon list)","0.53","","","False"
"Kowanyama","Kowanyama Aboriginal Shire Council","Kowanyama","34420","indigenous","True","True","https://www.kowanyama.qld.gov.au","1155","2025","996","1079","937","528","1","3","1","686","1","509","765","29","341","1132","3.7","1.3","858","115","0","2015_16","58","33","91","2015_16","17874","966","6985","2015_16","127","","47","0.1351","0.1392","0.145","0.0283","5.0","86.8","True","False","0.054","78.79","0.3527","0.0568","0.7829","0.1458","0.2771","0.1237","0.1269","verified","5","True","False","No evidence found","","","","","","False","","Searched; no AI-infrastructure deployment located in public sources as of 29 Aug 2026. Does not prove absence — only that none was found in sources checked.","Far North Queensland","not checked","","1","1","0","False","council-operated","2015_16","345.0","8.0","353.0","2015_16","320.0","1040.0","50.0","True","verified — named on ergon.com.au","0.637","127","2015_16","False"
"Livingstone","Livingstone Shire Council","Livingstone","34530","outer_regional","True","False","https://www.livingstone.qld.gov.au","43668","2025","36579","39398","2118","1005","7","70","9","970","7","1030","935","43","765","1625","2.5","0.8","2008","350","1733","2015_16","241","121","362","2015_16","89805","62780","29884","2015_16","14096","13349","10822","0.6164","0.5488","0.5865","0.1817","2.882","5.4","True","False","0.699","8.29","0.8482","0.7454","0.6031","0.4472","0.6273","0.5325","0.4752","verified (blocks bots)","3","False","True","Confirmed AI","Road/footpath network survey","Central Queensland Today (25 Nov 2025)","Livingstone Shire Council","direct (council-operated)","14078","False","","AI-based electronic survey technology rolled out to assess road and footpath network condition (Nov 2025).","Central Queensland","not checked","","","","","","","2015_16","1170.0","258.0","1428.0","2015_16","11941.0","8512.0","1928.0","False","grid-connected (not on Ergon list)","0.666","14078","2023_24","True"
"Lockhart River","Lockhart River Aboriginal Shire Council","Lockhart River","34570","indigenous","True","True","https://lockhart.qld.gov.au","702","2025","697","640","502","622","1","5","2","744","1","582","794","27","420","1066","3.4","1.2","959","125","0","2015_16","49","32","81","2015_16","18346","122","4547","2015_16","0","","0","0.3093","0.2935","0.3123","0.0569","4.0","78.4","False","False","0.007","115.38","0.5131","0.4869","0.453","0.4082","0.473","0.1986","0.2582","verified (hand-resolved)","4","True","False","No evidence found","","","","","","False","","Searched; no AI-infrastructure deployment located in public sources as of 29 Aug 2026. Does not prove absence — only that none was found in sources checked.","Far North Queensland","not checked","","1","1","0","False","council-operated","2015_16","161.0","11.0","172.0","2015_16","145.0","","183.0","True","verified — named on ergon.com.au","0.605","0","2015_16","False"
"Lockyer Valley","Lockyer Valley Regional Council","Lockyer Valley","34580","regional_city","True","False","https://www.lockyervalley.qld.gov.au","46058","2025","38861","41101","2092","948","3","29","5","921","3","997","902","39","665","1457","2.7","0.8","1684","300","1500","2015_16","154","153","307","2015_16","55123","33725","23825","2015_16","0","Not issued by Council","0","0.6303","0.5379","0.6135","0.5943","2.0","5.1","False","False","0.612","6.67","0.6525","0.7461","0.4892","0.4425","0.6569","0.5384","0.2915","verified","2","False","False","No evidence found","","","Urban Utilities","bulk-authority (dependent)","676983","True","","Searched; no AI-infrastructure deployment located in public sources as of 29 Aug 2026. Does not prove absence — only that none was found in sources checked.","South East Queensland","not checked","","","","","","","2015_16","1074.0","355.0","1429.0","2015_16","13786.0","10903.0","2807.0","False","grid-connected (not on Ergon list)","0.502","676983","2023_24","False"
"Logan","Logan City Council","Logan","34590","seq_metro","True","False","https://www.logan.qld.gov.au","403515","2025","309342","345098","14520","944","3","27","5","930","4","985","916","34","736","1616","2.9","0.8","1825","350","1733","2015_16","1169","362","1531","2015_16","460677","381336","128204","2015_16","N/A","N/A","0","0.5575","0.4871","0.5427","0.5997","1.0","4.2","","","0.828","3.79","0.5408","0.6999","0.4782","0.4011","0.596","0.4908","0.3028","verified (blocks bots)","1","False","False","Confirmed AI","Road maintenance","Council Magazine (27 Jun 2023)","Logan City Council","direct (council-operated)","142488","True","False","AI tools deployed to identify road defects as part of $265M roads/drainage capital program (2023-24 budget onward).","South East Queensland","NOT FOUND","","","","","","","2015_16","1034.0","1350.0","2384.0","2015_16","105502.0","78663.0","10302.0","False","grid-connected (not on Ergon list)","0.764","142488","2023_24","True"
"Longreach","Longreach Regional Council","Longreach","34710","very_remote","True","False","https://www.longreach.qld.gov.au","3741","2025","3812","3647","223","1003","7","69","9","976","7","967","967","40","938","1561","2.3","0.7","2094","200","1083","2015_16","64","98","162","2015_16","33447","9010","12622","2015_16","2171","1792","2800","0.475","0.5014","0.4207","0.1097","5.0","6.1","True","False","0.269","43.3","0.7046","0.6579","0.5684","0.4577","0.5758","0.2701","0.5518","verified (blocks bots)","5","False","False","No evidence found","","","","","","False","False","Searched; no AI-infrastructure deployment located in public sources as of 29 Aug 2026. Does not prove absence — only that none was found in sources checked.","Central Queensland","YES","https://www.longreach.qld.gov.au/files/assets/public/v/1/about-council/documents/policies/121-artificial-intelligence-policy-17072025.pdf","1","1","0","False","council-operated","2015_16","2658.0","90.0","2748.0","2015_16","1460.0","","236.0","False","grid-connected (not on Ergon list)","0.395","2171","2015_16","False"
"Mackay","Mackay Regional Council","Mackay","34770","outer_regional","True","False","https://www.mackay.qld.gov.au","129253","2025","118292","121691","7507","999","7","67","9","961","6","1007","917","38","866","1853","2.6","0.8","2215","340","1733","2015_16","471","405","876","2015_16","255609","214040","78145","2015_16","45007","41342","39006","0.5762","0.4814","0.5747","0.1835","2.85","6.2","True","False","0.837","6.78","0.7534","0.7074","0.4939","0.4362","0.6321","0.5009","0.4465","verified (blocks bots)","3","False","False","AI-adjacent (IoT/smart, no AI confirmed) + non-infrastructure AI in use","Water leak detection (IoT); customer service AI (non-infrastructure)","Mackay Regional Council media release (Jun 2026); Utility Magazine (2019)","Mackay Regional Council","direct (council-operated)","57506","False","False","MiWater smart-water leak-detection software (IoT-based, commercialised via Taggle Systems) — not confirmed as AI-decisioning. Separately, council's 2026/27 budget funds LUNA, an AI after-hours digital assistant for call triage — customer service AI, not physical infrastructure control.","Mackay-Whitsunday-Isaac","DEPLOYS NO POLICY","","1","1","0","False","council-operated","2015_16","1819.0","661.0","2480.0","2015_16","45000.0","32471.0","4880.0","False","grid-connected (not on Ergon list)","0.538","57506","2023_24","False"
"Mapoon","Mapoon Aboriginal Shire Council","Mapoon","34830","indigenous","True","True","https://www.mapoon.qld.gov.au","494","2025","304","432","338","567","1","4","2","700","1","569","795","27","365","1010","3.6","1.2","924","120","0","2015_16","8","36","44","2015_16","9529","0","3060","2015_16","0","","0","0.3093","0.2935","0.3123","0.0569","4.0","78.2","False","False","0.0","89.07","0.5131","0.4869","0.453","0.4082","0.473","0.1986","0.2582","verified (blocks bots)","4","True","False","No evidence found","","","","","","False","","Searched; no AI-infrastructure deployment located in public sources as of 29 Aug 2026. Does not prove absence — only that none was found in sources checked.","Far North Queensland","not checked","","","","","","","2015_16","40.0","17.0","57.0","2015_16","75.0","306.0","53.0","True","verified — named on ergon.com.au","0.182","0","2015_16","False"
"Maranoa","Maranoa Regional Council","Maranoa","34860","remote","True","False","https://www.maranoa.qld.gov.au","13370","2025","13292","12825","1249","995","7","64","8","966","7","988","944","38","875","1588","2.5","0.7","2042","220","1300","2015_16","174","233","407","2015_16","75694","28090","33088","2015_16","4900","4190","4064","0.5038","0.456","0.49","0.1122","3.998","9.7","True","False","0.371","30.44","0.8761","0.4586","0.5664","0.3883","0.5399","0.47","0.5813","verified (blocks bots)","4","False","False","No evidence found","","","","","","False","","Searched; no AI-infrastructure deployment located in public sources as of 29 Aug 2026. Does not prove absence — only that none was found in sources checked.","Darling Downs-South West","not checked","","1","1","0","False","council-operated","2015_16","5655.0","171.0","5826.0","2015_16","4018.0","4461.0","790.0","False","grid-connected (not on Ergon list)","0.428","4900","2015_16","False"
"Mareeba","Mareeba Shire Council","Mareeba","34880","remote","True","False","https://msc.qld.gov.au/","24205","2025","21812","22858","3260","937","3","23","4","921","3","952","922","43","655","1269","2.5","0.9","1596","275","1517","2015_16","97","114","211","2015_16","51081","26418","17006","2015_16","5635","4075","3790","0.3628","0.4204","0.3145","0.1011","3.98","14.3","True","False","0.517","8.72","0.6847","0.5529","0.6066","0.4468","0.4776","0.1961","0.3833","verified","4","False","True","No evidence found","","","","","","False","","Searched; no AI-infrastructure deployment located in public sources as of 29 Aug 2026. Does not prove absence — only that none was found in sources checked.","Far North Queensland","not checked","","1","1","0","False","council-operated","2015_16","2091.0","217.0","2308.0","2015_16","7278.0","5221.0","1500.0","False","grid-connected (not on Ergon list)","0.46","5635","2015_16","False"
"McKinlay","McKinlay Shire Council","McKinlay","34800","very_remote","True","False","https://www.mckinlay.qld.gov.au","850","2025","876","836","43","1014","8","75","10","977","7","1017","937","36","1074","1733","2.5","0.8","2297","130","550","2015_16","26","45","71","2015_16","12881","2765","4773","2015_16","430","310","359","0.385","0.4024","0.3565","0.0998","5.0","5.1","True","False","0.215","83.53","0.8157","0.4996","0.517","0.4485","0.4973","0.2562","0.3629","verified (blocks bots)","5","False","False","No evidence found","","","","","","False","","Searched; no AI-infrastructure deployment located in public sources as of 29 Aug 2026. Does not prove absence — only that none was found in sources checked.","Townsville-North West","not checked","","1","1","0","True","lifeline","2015_16","1605.0","28.0","1633.0","2015_16","259.0","1178.0","74.0","False","grid-connected (not on Ergon list)","0.366","430","2015_16","False"
"Moreton Bay","City of Moreton Bay","Moreton Bay","35010","seq_metro","True","False","https://www.moretonbay.qld.gov.au","532445","2025","428994","476340","18616","992","7","61","8","970","7","1012","955","39","761","1648","2.6","0.8","1957","360","1777","2015_16","968","509","1477","2015_16","482452","261086","126470","2015_16","0","","0","0.6254","0.6076","0.5571","0.6039","1.053","3.9","False","False","0.541","2.77","0.6664","0.7836","0.4285","0.3852","0.557","0.5778","0.5389","verified (blocks bots)","2","False","False","Confirmed AI","Traffic signals; road/pothole detection","AfMA (Jul 2026); CarExpert (Jul 2026); newscop.com.au (Feb 2026)","Unitywater","bulk-authority (dependent)","358160","True","False","AI-adaptive traffic signal trial (Petrie intersection), expanding to busier intersections. AI dashcam-based pothole detection on waste trucks since 2020; 4,547 of 12,896 pothole repairs AI-flagged in latest 6-month period.","South East Queensland","DEPLOYS NO POLICY","","","","","","","2015_16","1341.0","2295.0","3636.0","2015_16","151110.0","141274.0","10982.0","False","grid-connected (not on Ergon list)","0.655","358160","2023_24","True"
"Mornington","Mornington Shire Council","Mornington","35250","indigenous","True","True","https://www.mornington.qld.gov.au","1099","2025","1202","1025","822","609","1","5","2","747","1","588","899","29","285","855","3.5","1.2","624","104","0","2015_16","14","82","96","2015_16","14927","1665","6365","2015_16","0","","0","0.2639","0.2123","0.2905","0.0483","5.0","80.2","False","False","0.112","87.35","0.5313","0.4003","0.3512","0.45","0.4513","0.1848","0.0745","verified","5","True","False","","","","","","","False","","","","not checked","","1","1","0","True","lifeline","2015_16","144.0","14.0","158.0","2015_16","264.0","720.0","","True","verified — named on ergon.com.au","0.146","0","2015_16","False"
"Mount Isa","Mount Isa City Council","Mount Isa","35300","remote","True","False","https://www.mountisa.qld.gov.au","18585","2025","20586","18727","4020","972","5","45","7","954","6","938","927","31","1155","2231","2.6","0.9","2647","270","1536","2015_16","70","96","166","2015_16","52140","37282","11676","2015_16","7390","6716","7132","0.3163","0.2947","0.321","0.0998","4.174","21.5","True","False","0.715","8.93","0.6758","0.4546","0.3985","0.4482","0.4518","0.2495","0.1921","verified (blocks bots)","5","False","False","AI-adjacent (IoT/smart, no AI confirmed)","Water metering","Jacobs newsroom (2026)","","","","False","False","$2.3M advanced metering infrastructure (AMI) smart water meter program for consumption tracking and leak identification. IoT-based; no AI-specific decisioning confirmed.","Townsville-North West","NOT FOUND","","1","1","0","False","council-operated","2015_16","1872.0","161.0","2033.0","2015_16","6942.0","7386.0","3533.0","True","verified — named on ergon.com.au","0.422","7390","2015_16","False"
"Murweh","Murweh Shire Council","Murweh","35600","very_remote","True","False","https://www.murweh.qld.gov.au","4004","2025","4527","3971","458","948","3","29","5","930","4","943","930","43","798","1294","2.2","0.7","1766","170","867","2015_16","30","77","107","2015_16","17718","6084","6818","2015_16","2182","1919","1648","0.4413","0.4252","0.4216","0.0819","5.0","11.5","True","False","0.343","26.72","0.5523","0.5862","0.5215","0.4598","0.5919","0.2462","0.4971","verified (blocks bots)","5","False","False","No evidence found","","","","","","False","","Searched; no AI-infrastructure deployment located in public sources as of 29 Aug 2026. Does not prove absence — only that none was found in sources checked.","Darling Downs-South West","not checked","","1","1","0","False","council-operated","2015_16","2701.0","81.0","2782.0","2015_16","1807.0","2110.0","431.0","False","grid-connected (not on Ergon list)","0.28","2182","2015_16","False"
"Napranum","Napranum Aboriginal Shire Council","Napranum","35670","indigenous","True","True","https://www.napranum.qld.gov.au","952","2025","959","883","716","623","1","5","2","738","1","619","818","27","342","788","3.7","1.3","924","121","0","2015_16","12","88","100","2015_16","14282","0","7396","2015_16","0","","0","0.3093","0.2935","0.3123","0.0569","4.0","81.1","False","False","0.0","105.04","0.5131","0.4869","0.453","0.4082","0.473","0.1986","0.2582","verified","4","True","False","No evidence found","","","","","","False","","Searched; no AI-infrastructure deployment located in public sources as of 29 Aug 2026. Does not prove absence — only that none was found in sources checked.","Far North Queensland","not checked","","","","","","","2015_16","159.0","14.0","173.0","2015_16","257.0","","153.0","True","verified — named on ergon.com.au","0.12","0","2015_16","False"
"Noosa","Noosa Shire Council","Noosa","35740","seq_metro","True","False","https://www.noosa.qld.gov.au","59551","2025","53497","56298","933","1030","9","83","10","1009","9","1029","1003","50","722","1467","2.4","0.8","1800","470","1900","2015_16","248","97","345","2015_16","93956","60665","27822","2015_16","0","","0","0.6933","0.6261","0.6398","0.521","1.0","1.7","False","False","0.646","5.79","0.6911","0.8363","0.4592","0.4205","0.6685","0.5759","0.5749","verified (blocks bots)","1","False","True","Confirmed AI","Road/pathway maintenance","TechnologyOne press release (11 Dec 2024)","Unitywater","bulk-authority (dependent)","358160","True","","AI/ML pothole and pavement-damage detection via camera mounted on waste trucks, in partnership with TechnologyOne and Retina Visions.","South East Queensland","not checked","","","","","","","2015_16","550.0","320.0","870.0","2015_16","27105.0","27600.0","4884.0","False","grid-connected (not on Ergon list)","0.719","358160","2023_24","True"
"North Burnett","North Burnett Regional Council","North Burnett","35760","outer_regional","True","False","https://northburnett.qld.gov.au/","10562","2025","10607","10068","708","902","2","13","3","888","2","943","887","49","555","1021","2.2","0.8","1317","200","1000","2015_16","85","124","209","2015_16","34657","14633","13892","2015_16","3349","2766","2721","0.445","0.3957","0.4445","0.0716","2.567","7.0","True","False","0.422","19.79","0.5739","0.4608","0.4906","0.4117","0.5109","0.4201","0.5791","verified","3","False","False","No evidence found","","","","","","False","","Searched; no AI-infrastructure deployment located in public sources as of 29 Aug 2026. Does not prove absence — only that none was found in sources checked.","Wide Bay-Burnett","not checked","","","","","","","2015_16","4034.0","128.0","4162.0","2015_16","3037.0","3597.0","720.0","False","grid-connected (not on Ergon list)","0.407","3349","2015_16","False"
"Northern Peninsula Area","Northern Peninsula Area Regional Council","Northern Peninsula Area","35780","indigenous","True","True","https://www.nparc.qld.gov.au","2944","2025","2836","2781","2285","702","1","6","3","792","1","636","881","23","604","1331","3.5","1.3","1287","120","1300","2015_16","","","0","2015_16","27562","1572","8927","2015_16","0","","0","0.1422","0.1691","0.141","0.0396","5.0","82.2","False","False","0.057","0.0","0.3555","0.256","0.3572","0.4597","0.2082","0.2107","0.1117","verified (blocks bots)","5","True","False","No evidence found","","","","","","False","","Searched; no AI-infrastructure deployment located in public sources as of 29 Aug 2026. Does not prove absence — only that none was found in sources checked.","Far North Queensland","not checked","","1","1","0","True","lifeline","2015_16","332.0","31.0","363.0","2015_16","","","","True","verified — named on ergon.com.au","","0","2015_16","False"
"Palm Island","Palm Island Aboriginal Shire Council","Palm Island","35790","indigenous","True","True","https://www.palmcouncil.qld.gov.au","2335","2025","2550","2098","1918","567","1","4","2","707","1","570","851","26","380","977","3.7","1.2","898","125","2167","2015_16","91","39","130","2015_16","20448","469","9163","2015_16","0","","0","0.1283","0.1232","0.1427","0.0213","4.0","91.4","False","False","0.023","55.67","0.218","0.2008","0.4496","0.4158","0.1342","0.3114","0.0643","verified (blocks bots)","4","True","False","No evidence found","","","","","","False","","Searched; no AI-infrastructure deployment located in public sources as of 29 Aug 2026. Does not prove absence — only that none was found in sources checked.","Townsville-North West","not checked","","1","1","0","True","lifeline","2015_16","9.0","33.0","42.0","2015_16","","","","True","verified — named on ergon.com.au","0.7","0","2015_16","False"
"Paroo","Paroo Shire Council","Paroo","35800","very_remote","True","False","https://www.paroo.qld.gov.au","1724","2025","1734","1679","603","866","1","9","3","884","2","857","921","44","529","920","2.2","0.8","1268","125","679","2015_16","42","58","100","2015_16","14316","3589","5656","2015_16","963","868","1046","0.3932","0.3602","0.3927","0.0702","5.0","35.9","True","False","0.251","58.0","0.6583","0.3959","0.47","0.4428","0.5725","0.2157","0.4413","verified (blocks bots)","5","False","False","No evidence found","","","","","","False","","Searched; no AI-infrastructure deployment located in public sources as of 29 Aug 2026. Does not prove absence — only that none was found in sources checked.","Darling Downs-South West","not checked","","1","1","0","False","council-operated","2015_16","2207.0","52.0","2259.0","2015_16","552.0","2547.0","248.0","False","grid-connected (not on Ergon list)","0.42","963","2015_16","False"
"Pormpuraaw","Pormpuraaw Aboriginal Shire Council","Pormpuraaw","36070","indigenous","True","True","https://www.pormpuraaw.qld.gov.au","650","2025","764","611","479","547","1","4","2","706","1","512","759","34","351","1071","3.4","1.2","947","120","0","2015_16","23","53","76","2015_16","11561","235","4225","2015_16","0","","0","0.1351","0.1392","0.145","0.0283","5.0","78.4","False","False","0.02","116.92","0.3527","0.0568","0.7829","0.1458","0.2771","0.1237","0.1269","verified","5","True","False","No evidence found","","","","","","False","","Searched; no AI-infrastructure deployment located in public sources as of 29 Aug 2026. Does not prove absence — only that none was found in sources checked.","Far North Queensland","not checked","","1","1","0","True","lifeline","2015_16","550.0","16.0","566.0","2015_16","163.0","28.0","227.0","True","verified — named on ergon.com.au","0.303","0","2015_16","False"
"Quilpie","Quilpie Shire Council","Quilpie","36150","very_remote","True","False","https://quilpie.qld.gov.au/","720","2025","868","698","86","998","7","66","9","969","7","980","942","42","823","1312","2.4","0.8","1968","140","850","2015_16","17","47","64","2015_16","21857","4548","5443","2015_16","330","330","251","0.3932","0.3602","0.3927","0.0702","5.0","12.3","True","False","0.208","88.89","0.6583","0.3959","0.47","0.4428","0.5725","0.2157","0.4413","verified","5","False","False","No evidence found","","","","","","False","","Searched; no AI-infrastructure deployment located in public sources as of 29 Aug 2026. Does not prove absence — only that none was found in sources checked.","Darling Downs-South West","not checked","","1","1","0","False","council-operated","2015_16","2038.0","44.0","2082.0","2015_16","328.0","375.0","260.0","False","grid-connected (not on Ergon list)","0.266","330","2015_16","False"
"Redland","Redland City Council","Redland","36250","outer_regional","True","False","https://www.redland.qld.gov.au","172831","2025","150107","159222","4654","1024","8","80","10","1003","8","1041","979","43","786","1767","2.6","0.7","2131","420","1950","2015_16","694","176","870","2015_16","245517","209926","79301","2015_16","54603","52063","49582","0.6108","0.5675","0.564","0.3575","2.622","2.9","True","False","0.855","5.03","0.6608","0.722","0.5501","0.3804","0.5736","0.5684","0.6195","verified (blocks bots)","4","False","False","AI-adjacent (IoT/smart, no AI confirmed)","Water monitoring; wildlife monitoring","Your Say Redlands Coast (Smart and Connected City Strategy page)","Redland City Council","direct (council-operated)","65497","False","False","""Intelligent water monitoring"" and ""smart koala monitoring"" cited as existing smart-city examples in draft Redlands Coast Smart and Connected City Strategy. Sources found do not explicitly confirm an AI (vs rules-based IoT) layer.","South East Queensland","NOT FOUND","","","","","","","2015_16","324.0","778.0","1102.0","2015_16","57080.0","57334.0","7248.0","False","grid-connected (not on Ergon list)","0.798","65497","2023_24","False"
"Richmond","Richmond Shire Council","Richmond","36300","very_remote","True","False","https://www.richmond.qld.gov.au","788","2025","820","761","55","1009","8","73","9","975","7","1005","924","37","918","1757","2.6","0.8","1929","133","800","2015_16","21","45","66","2015_16","10670","1472","4698","2015_16","397","281","329","0.385","0.4024","0.3565","0.0998","5.0","7.2","True","False","0.138","83.76","0.8157","0.4996","0.517","0.4485","0.4973","0.2562","0.3629","verified","5","False","False","No evidence found","","","","","","False","","Searched; no AI-infrastructure deployment located in public sources as of 29 Aug 2026. Does not prove absence — only that none was found in sources checked.","Townsville-North West","not checked","","1","1","0","True","lifeline","2015_16","1281.0","15.0","1296.0","2015_16","308.0","365.0","108.0","False","grid-connected (not on Ergon list)","0.318","397","2015_16","False"
"Rockhampton","Rockhampton Regional Council","Rockhampton","36370","regional_city","True","False","https://www.rockhamptonregion.qld.gov.au/","85794","2025","82026","81968","7102","949","3","30","5","924","3","960","910","37","758","1477","2.5","0.8","1888","280","1400","2015_16","491","363","854","2015_16","196559","126821","69474","2015_16","31850","29446","29429","0.5844","0.4687","0.5935","0.4388","2.0","8.7","True","False","0.645","9.95","0.8592","0.6295","0.2144","0.4479","0.6288","0.544","0.4898","verified (blocks bots)","2","False","False","AI-adjacent (IoT/smart, no AI confirmed) + AI governance partnership","AI governance MoU; water treatment SCADA","Rockhampton Regional Council news release; TheCSRUniverse (Dec 2025)","Rockhampton Regional Council","direct (council-operated)","33514","False","False","MoU with Queensland AI Hub as strategic partners for AI uptake (governance/awareness, not deployment). Fitzroy River Water: Honeywell Experion PKS SCADA R530 deployed at Glenmore Water Treatment Plant and North Rockhampton Sewage Treatment Plant for automation/remote monitoring — industrial control automation, not confirmed as AI/ML.","Central Queensland","NOT FOUND","","1","1","0","False","council-operated","2015_16","1331.0","667.0","1998.0","2015_16","31221.0","24044.0","4833.0","False","grid-connected (not on Ergon list)","0.575","33514","2023_24","False"
"Scenic Rim","Scenic Rim Regional Council","Scenic Rim","36510","regional_city","True","False","https://www.scenicrim.qld.gov.au","46947","2025","40307","42984","1574","986","6","55","8","959","6","1019","949","46","661","1410","2.6","0.8","1706","315","1733","2015_16","185","177","362","2015_16","65001","44193","25792","2015_16","0","","0","0.5016","0.4264","0.5048","0.134","1.876","3.7","False","False","0.68","7.71","0.6269","0.7197","0.3978","0.4232","0.5664","0.4591","0.4337","verified (blocks bots)","2","False","False","No evidence found","","","Urban Utilities","bulk-authority (dependent)","676983","True","False","Searched; no AI-infrastructure deployment located in public sources as of 29 Aug 2026. Does not prove absence — only that none was found in sources checked.","South East Queensland","NOT FOUND","","","","","","","2015_16","1560.0","221.0","1781.0","2015_16","14158.0","16330.0","2734.0","False","grid-connected (not on Ergon list)","0.511","676983","2023_24","False"
"Somerset","Somerset Regional Council","Somerset","36580","regional_city","True","False","https://www.somerset.qld.gov.au","26936","2025","24681","25057","1172","944","3","27","5","913","3","998","896","45","620","1312","2.6","0.8","1517","300","1500","2015_16","81","100","181","2015_16","35159","19289","13414","2015_16","N/A","N/A","N/A","0.508","0.5068","0.463","0.5817","1.885","4.7","","","0.549","6.72","0.5387","0.631","0.3934","0.4217","0.5458","0.4053","0.4428","verified (blocks bots)","2","False","False","No evidence found","","","Urban Utilities","bulk-authority (dependent)","676983","True","","Searched; no AI-infrastructure deployment located in public sources as of 29 Aug 2026. Does not prove absence — only that none was found in sources checked.","South East Queensland","not checked","","","","","","","2015_16","1724.0","158.0","1882.0","2015_16","8984.0","6793.0","1068.0","False","grid-connected (not on Ergon list)","0.448","676983","2023_24","False"
"South Burnett","South Burnett Regional Council","South Burnett","36630","regional_city","True","False","https://www.southburnett.qld.gov.au","35111","2025","32589","32996","2045","907","2","14","3","885","2","945","888","48","542","1045","2.3","0.8","1337","245","1083","2015_16","187","142","329","2015_16","62194","42132","22962","2015_16","9942","8326","7987","0.4209","0.3529","0.4347","0.2967","2.0","6.2","True","False","0.677","9.37","0.5481","0.5623","0.3357","0.4097","0.4995","0.4165","0.3076","verified (blocks bots)","2","False","False","No evidence found","","","","","","False","","Searched; no AI-infrastructure deployment located in public sources as of 29 Aug 2026. Does not prove absence — only that none was found in sources checked.","Wide Bay-Burnett","not checked","","1","1","0","False","council-operated","2015_16","3039.0","238.0","3277.0","2015_16","11193.0","8644.0","1183.0","False","grid-connected (not on Ergon list)","0.568","9942","2015_16","False"
"Southern Downs","Southern Downs Regional Council","Southern Downs","36660","regional_city","True","False","https://www.sdrc.qld.gov.au","38064","2025","35566","36290","1965","939","3","23","4","909","3","964","900","48","590","1108","2.3","0.7","1396","255","1300","2015_16","140","185","325","2015_16","67441","50187","24095","2015_16","12481","10687","12173","0.4956","0.3944","0.5158","0.273","2.005","5.4","True","False","0.744","8.54","0.7059","0.5619","0.3882","0.389","0.5317","0.5347","0.3348","verified","3","False","False","No evidence found","","","Southern Downs Regional Council","direct (council-operated)","11627","False","False","Searched; no AI-infrastructure deployment located in public sources as of 29 Aug 2026. Does not prove absence — only that none was found in sources checked.","Darling Downs-South West","NOT FOUND","","","","","","","2015_16","2804.0","258.0","3062.0","2015_16","10912.0","9981.0","1953.0","False","grid-connected (not on Ergon list)","0.431","11627","2023_24","False"
"Sunshine Coast","Sunshine Coast Regional Council","Sunshine Coast","36720","seq_metro","True","False","https://www.sunshinecoast.qld.gov.au","381957","2025","295317","342541","8332","1022","8","78","10","1001","8","1023","991","43","755","1595","2.5","0.8","1920","440","1915","2015_16","1320","341","1661","2015_16","410464","256292","123394","2015_16","0","","0","0.7306","0.6781","0.6524","0.5978","1.454","2.4","False","False","0.624","4.35","0.6463","0.7828","0.5935","0.4201","0.6429","0.6404","0.6101","verified","2","False","False","Confirmed AI","Traffic signals; flood/stormwater monitoring; development assessment","Information Age/ACS (Jul 2026); HiLo Monitoring; Sunshine Coast Council site; Sunshine Coast News (Jul 2026)","Unitywater","bulk-authority (dependent)","358160","True","False","Swarco AI traffic signalling (CCTV+LiDAR) — Australia-first implementation. HiLo AI-enabled flood/surface-water monitoring, the reference deployment in QLD's own AFWI guideline. AI development-assessment tool (mylot.ai) for building applications. Separately, a private $200M NEXTDC ""SC2"" AI-ready data centre is under construction at Maroochydore (not council-operated).","South East Queensland","NOT FOUND","","1","0","1","False","external","2015_16","1557.0","1414.0","2971.0","2015_16","108613.0","71753.0","10606.0","False","grid-connected (not on Ergon list)","0.795","358160","2023_24","True"
"Tablelands","Tablelands Regional Council","Tablelands","36820","outer_regional","True","False","https://www.trc.qld.gov.au","27902","2025","25111","26244","2062","955","4","34","6","926","3","961","924","49","625","1167","2.3","0.8","1478","260","1352","2015_16","128","131","259","2015_16","53673","36876","21623","2015_16","9682","7369","5276","0.495","0.4122","0.5046","0.1003","3.0","7.9","True","False","0.687","9.28","0.5093","0.6466","0.6434","0.4547","0.6072","0.396","0.3602","verified","3","False","False","No evidence found","","","","","","False","False","Searched; no AI-infrastructure deployment located in public sources as of 29 Aug 2026. Does not prove absence — only that none was found in sources checked.","Far North Queensland","NOT FOUND","","","","","","","2015_16","1498.0","347.0","1845.0","2015_16","8763.0","11056.0","2133.0","False","grid-connected (not on Ergon list)","0.494","9682","2015_16","False"
"Toowoomba","Toowoomba Regional Council","Toowoomba","36910","regional_city","True","False","https://www.tr.qld.gov.au","186276","2025","162775","173204","8677","979","6","51","7","959","6","983","959","39","743","1461","2.5","0.8","1847","300","1517","2015_16","809","631","1440","2015_16","288344","219077","112416","2015_16","60198","55412","46791","0.5048","0.4161","0.5136","0.4319","2.0","5.0","True","False","0.76","7.73","0.6034","0.544","0.3956","0.3668","0.534","0.5259","0.3451","verified (blocks bots)","2","False","False","AI-adjacent (IoT/smart, no AI confirmed)","Water metering","Boomi press release (12 Dec 2023); SWAN Forum case study","Toowoomba Regional Council","direct (council-operated)","66193","False","False","64,000-68,000 smart water meters (Iota/Boomi/Optus consortium) for real-time usage and leak detection. IoT/automation platform; no AI-specific decisioning confirmed in sources found.","Darling Downs-South West","NOT FOUND","","1","0","1","False","external","2015_16","5533.0","1078.0","6611.0","2015_16","57939.0","36602.0","11124.0","False","grid-connected (not on Ergon list)","0.562","66193","2023_24","False"
"Torres","Torres Shire Council","Torres","36950","indigenous","True","True","https://www.torres.qld.gov.au","3490","2025","3753","3421","2358","904","2","13","3","939","4","824","981","30","877","2006","3.1","1.2","1951","200","1791","2015_16","20","65","85","2015_16","15343","5126","6133","2015_16","1269","1059","1369","0.3053","0.2617","0.3234","0.0621","5.0","68.9","True","False","0.334","24.36","0.4799","0.3522","0.4225","0.4594","0.4537","0.2518","0.2391","verified (blocks bots)","5","False","False","No evidence found","","","","","","False","","Searched; no AI-infrastructure deployment located in public sources as of 29 Aug 2026. Does not prove absence — only that none was found in sources checked.","Far North Queensland","not checked","","","","","","","2015_16","191.0","108.0","299.0","2015_16","646.0","2000.0","1221.0","True","verified — named on ergon.com.au","0.235","1269","2015_16","False"
"Torres Strait Island","Torres Strait Island Regional Council","Torres Strait Island","36960","indigenous","True","True","https://tsirc.qld.gov.au/","4298","2025","4731","4124","3737","649","1","6","2","777","1","628","885","27","411","976","3.5","1","923","130","0","2015_16","171","143","314","2015_16","61468","1223","21858","2015_16","1368","1207","1526","0.2307","0.1816","0.259","0.0237","5.0","90.6","True","False","0.02","73.06","0.3413","0.1753","0.4398","0.4456","0.3857","0.2149","0.1802","verified","5","True","False","No evidence found","","","","","","False","False","Searched; no AI-infrastructure deployment located in public sources as of 29 Aug 2026. Does not prove absence — only that none was found in sources checked.","Far North Queensland","NOT FOUND","","12","12","0","True","lifeline","2015_16","301.0","68.0","369.0","2015_16","1160.0","1800.0","727.0","True","verified — named on ergon.com.au","0.545","1368","2015_16","False"
"Townsville","Townsville City Council","Townsville","37010","outer_regional","True","False","https://www.townsville.qld.gov.au","206260","2025","190011","192768","16269","990","6","59","8","966","7","981","962","36","864","1701","2.5","0.8","2082","305","1517","2015_16","1020","710","1730","2015_16","384499","331327","136598","2015_16","84300","79500","72400","0.6645","0.5014","0.6858","0.2162","3.0","8.4","True","False","0.862","8.39","0.7292","0.7935","0.628","0.4584","0.7136","0.5954","0.2985","verified (blocks bots)","3","False","False","Confirmed AI","Water safety monitoring; animal control; planned flood prediction","Townsville City Council media release (Jun 2025); Public Spectrum (Jun 2025)","Townsville City Council","direct (council-operated)","89020","False","False","$928.2M 2025/26 budget invests in AI and sensor technologies: AI water-monitoring system for aquatic safety planned at Riverway Lagoon, AI-driven animal-control analytics, and planned AI-based flood prediction and emergency response coordination.","Townsville-North West","NOT FOUND","","1","1","0","False","council-operated","2015_16","582.0","1154.0","1736.0","2015_16","76965.0","46736.0","16300.0","False","grid-connected (not on Ergon list)","0.59","89020","2023_24","True"
"Weipa","Weipa Town Authority","Weipa","37300","very_remote","False","False","https://www.weipatownauthority.com.au","4297","2025","3964","4100","814","1058","10","92","10","1036","9","1011","944","30","1558","2978","2.9","1","3283","500","2063","","","","","","","","","","","","","0.4296","0.4995","0.3582","0.583","5.0","19.9","","","","","0.697","0.378","0.7751","0.4605","0.4644","0.3096","0.2945","verified (blocks bots)","5","False","False","No evidence found","","","","","","False","","Searched; no AI-infrastructure deployment located in public sources as of 29 Aug 2026. Does not prove absence — only that none was found in sources checked.","Far North Queensland","not checked","","1","1","0","False","council-operated","","","","","","","","","False","grid-connected (not on Ergon list)","","","","False"
"Western Downs","Western Downs Regional Council","Western Downs","37310","outer_regional","True","False","https://www.wdrc.qld.gov.au","35452","2025","33867","33843","2585","946","3","28","5","922","3","969","912","38","716","1374","2.5","0.8","1713","240","1300","2015_16","297","356","653","2015_16","145124","66621","49768","2015_16","11518","10290","9762","0.4188","0.3265","0.4473","0.1342","2.848","7.6","True","False","0.459","18.42","0.593","0.4862","0.4787","0.3832","0.5084","0.4289","0.2994","verified (blocks bots)","3","False","False","No evidence found","","ABC News (24 Aug 2026)","Western Downs Regional Council","direct (council-operated)","11702","False","","No council-operated AI-infrastructure deployment found. A private $31.9bn ""Western Downs Digital Park"" AI data centre (Zerra DC, Singapore) is proposed near Dalby — private infrastructure sited in the LGA, not council-deployed AI.","Darling Downs-South West","not checked","","1","1","0","False","council-operated","2015_16","7196.0","330.0","7526.0","2015_16","10463.0","6670.0","1164.0","False","grid-connected (not on Ergon list)","0.455","11702","2023_24","False"
"Whitsunday","Whitsunday Regional Council","Whitsunday","37340","outer_regional","True","False","https://www.whitsundayrc.qld.gov.au/","41374","2025","34509","37152","2156","969","5","44","7","935","4","977","899","40","795","1472","2.4","0.8","1856","300","1612","2015_16","176","187","363","2015_16","104248","76422","27172","2015_16","14661","13525","11747","0.4447","0.4426","0.4156","0.1203","3.013","5.8","True","False","0.733","8.77","0.697","0.6204","0.5661","0.4204","0.4873","0.395","0.4301","verified (blocks bots)","4","False","False","No evidence found","","","Whitsunday Regional Council","direct (council-operated)","14922","False","False","Searched; no AI-infrastructure deployment located in public sources as of 29 Aug 2026. Does not prove absence — only that none was found in sources checked.","Mackay-Whitsunday-Isaac","NOT FOUND","","3","3","0","True","lifeline","2015_16","1556.0","286.0","1842.0","2015_16","12849.0","31250.0","2192.0","False","grid-connected (not on Ergon list)","0.485","14922","2023_24","False"
"Winton","Winton Shire Council","Winton","37400","very_remote","True","False","https://www.winton.qld.gov.au","1152","2025","1222","1129","82","993","7","62","8","959","6","972","932","45","882","1316","2.1","0.8","2048","150","863","2015_16","43","54","97","2015_16","17251","3587","7206","2015_16","612","596","560","0.4189","0.3681","0.4241","0.0882","5.0","7.3","True","False","0.208","84.2","0.7411","0.4701","0.4698","0.357","0.6176","0.2098","0.4284","verified (blocks bots)","5","False","False","No evidence found","","","","","","False","","Searched; no AI-infrastructure deployment located in public sources as of 29 Aug 2026. Does not prove absence — only that none was found in sources checked.","Central Queensland","not checked","","1","1","0","False","council-operated","2015_16","2445.0","21.0","2466.0","2015_16","584.0","","119.0","False","grid-connected (not on Ergon list)","0.443","612","2015_16","False"
"Woorabinda","Woorabinda Aboriginal Shire Council","Woorabinda","37550","indigenous","True","True","https://www.woorabinda.qld.gov.au","1087","2025","989","1019","933","492","1","1","1","659","1","513","816","23","361","684","3.3","1.2","707","120","0","2015_16","","","","2015_16","","","","2015_16","N/A","N/A","N/A","0.4383","0.3589","0.4567","0.1193","3.0","91.6","","","","","0.5335","0.4062","0.6076","0.4296","0.5612","0.3687","0.4039","verified (blocks bots)","3","True","False","No evidence found","","","","","","False","","Searched; no AI-infrastructure deployment located in public sources as of 29 Aug 2026. Does not prove absence — only that none was found in sources checked.","Central Queensland","not checked","","","","","","","2015_16","47.0","10.0","57.0","2015_16","","","","False","grid-connected (not on Ergon list)","","","","False"
"Wujal Wujal","Wujal Wujal Aboriginal Shire Council","Wujal Wujal","37570","indigenous","True","True","https://www.wujalwujalcouncil.qld.gov.au","301","2025","287","276","258","510","1","2","1","692","1","542","862","29","332","840","3.2","1.2","833","70","0","2015_16","35","41","76","2015_16","7893","0","2993","2015_16","0","","0","0.3093","0.2935","0.3123","0.0569","4.0","93.5","False","False","0.0","252.49","0.5131","0.4869","0.453","0.4082","0.473","0.1986","0.2582","verified (blocks bots)","4","True","False","No evidence found","","","","","","False","","Searched; no AI-infrastructure deployment located in public sources as of 29 Aug 2026. Does not prove absence — only that none was found in sources checked.","Far North Queensland","not checked","","","","","","","2015_16","13.0","5.0","18.0","2015_16","88.0","410.0","128.0","False","grid-connected (not on Ergon list)","0.461","0","2015_16","False"
"Yarrabah","Yarrabah Aboriginal Shire Council","Yarrabah","37600","indigenous","True","True","https://www.yarrabah.qld.gov.au","2669","2025","2695","2505","2402","512","1","2","1","678","1","569","788","25","337","1254","4.5","1.5","911","150","1392","2015_16","36","79","115","2015_16","15598","572","5710","2015_16","0","","0","0.2662","0.1585","0.3195","0.0263","3.0","95.9","False","False","0.037","43.09","0.283","0.0695","0.715","0.4415","0.346","0.3991","0.0233","verified","3","True","False","No evidence found","","","","","","False","False","Searched; no AI-infrastructure deployment located in public sources as of 29 Aug 2026. Does not prove absence — only that none was found in sources checked.","Far North Queensland","NOT FOUND","","","","","","","2015_16","35.0","21.0","56.0","2015_16","","","","False","grid-connected (not on Ergon list)","0.313","0","2015_16","False"
